Country Name	Country Code	Series Name	Series Code	2011
Afghanistan	AFG	Depositing/withdrawing at least once in a typical month (% age 15+)	GFDD.AI.26	7.547091
Afghanistan	AFG	Account used to receive government payments (% age 15+)	GFDD.AI.09	1.991833
Afghanistan	AFG	Account used to receive remittances (% age 15+)	GFDD.AI.10	1.727025
Afghanistan	AFG	Account used to receive wages (% age 15+)	GFDD.AI.11	7.045094
Albania	ALB	Depositing/withdrawing at least once in a typical month (% age 15+)	GFDD.AI.26	26.0605
Albania	ALB	Account used to receive government payments (% age 15+)	GFDD.AI.09	4.675701
Albania	ALB	Account used to receive remittances (% age 15+)	GFDD.AI.10	5.639255
Albania	ALB	Account used to receive wages (% age 15+)	GFDD.AI.11	11.12742
Algeria	DZA	Depositing/withdrawing at least once in a typical month (% age 15+)	GFDD.AI.26	31.80779
Algeria	DZA	Account used to receive government payments (% age 15+)	GFDD.AI.09	17.36302
Algeria	DZA	Account used to receive remittances (% age 15+)	GFDD.AI.10	1.807368
Algeria	DZA	Account used to receive wages (% age 15+)	GFDD.AI.11	8.909562
Andorra	ADO	Depositing/withdrawing at least once in a typical month (% age 15+)	GFDD.AI.26	..
Andorra	ADO	Account used to receive government payments (% age 15+)	GFDD.AI.09	..
Andorra	ADO	Account used to receive remittances (% age 15+)	GFDD.AI.10	..
Andorra	ADO	Account used to receive wages (% age 15+)	GFDD.AI.11	..
Angola	AGO	Depositing/withdrawing at least once in a typical month (% age 15+)	GFDD.AI.26	36.9854
Angola	AGO	Account used to receive government payments (% age 15+)	GFDD.AI.09	10.16392
Angola	AGO	Account used to receive remittances (% age 15+)	GFDD.AI.10	8.172771
Angola	AGO	Account used to receive wages (% age 15+)	GFDD.AI.11	21.71717
Antigua and Barbuda	ATG	Depositing/withdrawing at least once in a typical month (% age 15+)	GFDD.AI.26	..
Antigua and Barbuda	ATG	Account used to receive government payments (% age 15+)	GFDD.AI.09	..
Antigua and Barbuda	ATG	Account used to receive remittances (% age 15+)	GFDD.AI.10	..
Antigua and Barbuda	ATG	Account used to receive wages (% age 15+)	GFDD.AI.11	..
Argentina	ARG	Depositing/withdrawing at least once in a typical month (% age 15+)	GFDD.AI.26	32.37553
Argentina	ARG	Account used to receive government payments (% age 15+)	GFDD.AI.09	11.34639
Argentina	ARG	Account used to receive remittances (% age 15+)	GFDD.AI.10	0.6474341
Argentina	ARG	Account used to receive wages (% age 15+)	GFDD.AI.11	15.83745
Armenia	ARM	Depositing/withdrawing at least once in a typical month (% age 15+)	GFDD.AI.26	16.20019
Armenia	ARM	Account used to receive government payments (% age 15+)	GFDD.AI.09	2.496544
Armenia	ARM	Account used to receive remittances (% age 15+)	GFDD.AI.10	2.458428
Armenia	ARM	Account used to receive wages (% age 15+)	GFDD.AI.11	7.403015
Aruba	ABW	Depositing/withdrawing at least once in a typical month (% age 15+)	GFDD.AI.26	..
Aruba	ABW	Account used to receive government payments (% age 15+)	GFDD.AI.09	..
Aruba	ABW	Account used to receive remittances (% age 15+)	GFDD.AI.10	..
Aruba	ABW	Account used to receive wages (% age 15+)	GFDD.AI.11	..
Australia	AUS	Depositing/withdrawing at least once in a typical month (% age 15+)	GFDD.AI.26	98.82169
Australia	AUS	Account used to receive government payments (% age 15+)	GFDD.AI.09	59.3172
Australia	AUS	Account used to receive remittances (% age 15+)	GFDD.AI.10	17.45794
Australia	AUS	Account used to receive wages (% age 15+)	GFDD.AI.11	68.18072
Austria	AUT	Depositing/withdrawing at least once in a typical month (% age 15+)	GFDD.AI.26	96.08124
Austria	AUT	Account used to receive government payments (% age 15+)	GFDD.AI.09	37.65165
Austria	AUT	Account used to receive remittances (% age 15+)	GFDD.AI.10	10.23051
Austria	AUT	Account used to receive wages (% age 15+)	GFDD.AI.11	55.76746
Azerbaijan	AZE	Depositing/withdrawing at least once in a typical month (% age 15+)	GFDD.AI.26	14.84311
Azerbaijan	AZE	Account used to receive government payments (% age 15+)	GFDD.AI.09	12.57352
Azerbaijan	AZE	Account used to receive remittances (% age 15+)	GFDD.AI.10	0.5867304
Azerbaijan	AZE	Account used to receive wages (% age 15+)	GFDD.AI.11	2.468936
"Bahamas, The"	BHS	Depositing/withdrawing at least once in a typical month (% age 15+)	GFDD.AI.26	..
"Bahamas, The"	BHS	Account used to receive government payments (% age 15+)	GFDD.AI.09	..
"Bahamas, The"	BHS	Account used to receive remittances (% age 15+)	GFDD.AI.10	..
"Bahamas, The"	BHS	Account used to receive wages (% age 15+)	GFDD.AI.11	..
Bahrain	BHR	Depositing/withdrawing at least once in a typical month (% age 15+)	GFDD.AI.26	63.83578
Bahrain	BHR	Account used to receive government payments (% age 15+)	GFDD.AI.09	34.19783
Bahrain	BHR	Account used to receive remittances (% age 15+)	GFDD.AI.10	5.574704
Bahrain	BHR	Account used to receive wages (% age 15+)	GFDD.AI.11	9.519797
Bangladesh	BGD	Depositing/withdrawing at least once in a typical month (% age 15+)	GFDD.AI.26	36.58531
Bangladesh	BGD	Account used to receive government payments (% age 15+)	GFDD.AI.09	1.940303
Bangladesh	BGD	Account used to receive remittances (% age 15+)	GFDD.AI.10	3.006239
Bangladesh	BGD	Account used to receive wages (% age 15+)	GFDD.AI.11	3.137932
Barbados	BRB	Depositing/withdrawing at least once in a typical month (% age 15+)	GFDD.AI.26	..
Barbados	BRB	Account used to receive government payments (% age 15+)	GFDD.AI.09	..
Barbados	BRB	Account used to receive remittances (% age 15+)	GFDD.AI.10	..
Barbados	BRB	Account used to receive wages (% age 15+)	GFDD.AI.11	..
Belarus	BLR	Depositing/withdrawing at least once in a typical month (% age 15+)	GFDD.AI.26	58.44704
Belarus	BLR	Account used to receive government payments (% age 15+)	GFDD.AI.09	11.40139
Belarus	BLR	Account used to receive remittances (% age 15+)	GFDD.AI.10	2.29783
Belarus	BLR	Account used to receive wages (% age 15+)	GFDD.AI.11	49.07336
Belgium	BEL	Depositing/withdrawing at least once in a typical month (% age 15+)	GFDD.AI.26	94.95851
Belgium	BEL	Account used to receive government payments (% age 15+)	GFDD.AI.09	50.80892
Belgium	BEL	Account used to receive remittances (% age 15+)	GFDD.AI.10	10.84747
Belgium	BEL	Account used to receive wages (% age 15+)	GFDD.AI.11	47.87849
Belize	BLZ	Depositing/withdrawing at least once in a typical month (% age 15+)	GFDD.AI.26	..
Belize	BLZ	Account used to receive government payments (% age 15+)	GFDD.AI.09	..
Belize	BLZ	Account used to receive remittances (% age 15+)	GFDD.AI.10	..
Belize	BLZ	Account used to receive wages (% age 15+)	GFDD.AI.11	..
Benin	BEN	Depositing/withdrawing at least once in a typical month (% age 15+)	GFDD.AI.26	10.08203
Benin	BEN	Account used to receive government payments (% age 15+)	GFDD.AI.09	0.7784258
Benin	BEN	Account used to receive remittances (% age 15+)	GFDD.AI.10	2.80761
Benin	BEN	Account used to receive wages (% age 15+)	GFDD.AI.11	3.244582
Bermuda	BMU	Depositing/withdrawing at least once in a typical month (% age 15+)	GFDD.AI.26	..
Bermuda	BMU	Account used to receive government payments (% age 15+)	GFDD.AI.09	..
Bermuda	BMU	Account used to receive remittances (% age 15+)	GFDD.AI.10	..
Bermuda	BMU	Account used to receive wages (% age 15+)	GFDD.AI.11	..
Bhutan	BTN	Depositing/withdrawing at least once in a typical month (% age 15+)	GFDD.AI.26	..
Bhutan	BTN	Account used to receive government payments (% age 15+)	GFDD.AI.09	..
Bhutan	BTN	Account used to receive remittances (% age 15+)	GFDD.AI.10	..
Bhutan	BTN	Account used to receive wages (% age 15+)	GFDD.AI.11	..
Bolivia	BOL	Depositing/withdrawing at least once in a typical month (% age 15+)	GFDD.AI.26	25.68677
Bolivia	BOL	Account used to receive government payments (% age 15+)	GFDD.AI.09	2.015041
Bolivia	BOL	Account used to receive remittances (% age 15+)	GFDD.AI.10	4.016413
Bolivia	BOL	Account used to receive wages (% age 15+)	GFDD.AI.11	9.504126
Bosnia and Herzegovina	BIH	Depositing/withdrawing at least once in a typical month (% age 15+)	GFDD.AI.26	55.08319
Bosnia and Herzegovina	BIH	Account used to receive government payments (% age 15+)	GFDD.AI.09	15.05285
Bosnia and Herzegovina	BIH	Account used to receive remittances (% age 15+)	GFDD.AI.10	7.565567
Bosnia and Herzegovina	BIH	Account used to receive wages (% age 15+)	GFDD.AI.11	34.65243
Botswana	BWA	Depositing/withdrawing at least once in a typical month (% age 15+)	GFDD.AI.26	29.55234
Botswana	BWA	Account used to receive government payments (% age 15+)	GFDD.AI.09	8.592984
Botswana	BWA	Account used to receive remittances (% age 15+)	GFDD.AI.10	12.26313
Botswana	BWA	Account used to receive wages (% age 15+)	GFDD.AI.11	10.93008
Brazil	BRA	Depositing/withdrawing at least once in a typical month (% age 15+)	GFDD.AI.26	53.36303
Brazil	BRA	Account used to receive government payments (% age 15+)	GFDD.AI.09	19.67232
Brazil	BRA	Account used to receive remittances (% age 15+)	GFDD.AI.10	4.707896
Brazil	BRA	Account used to receive wages (% age 15+)	GFDD.AI.11	28.8664
Brunei Darussalam	BRN	Depositing/withdrawing at least once in a typical month (% age 15+)	GFDD.AI.26	..
Brunei Darussalam	BRN	Account used to receive government payments (% age 15+)	GFDD.AI.09	..
Brunei Darussalam	BRN	Account used to receive remittances (% age 15+)	GFDD.AI.10	..
Brunei Darussalam	BRN	Account used to receive wages (% age 15+)	GFDD.AI.11	..
Bulgaria	BGR	Depositing/withdrawing at least once in a typical month (% age 15+)	GFDD.AI.26	48.18393
Bulgaria	BGR	Account used to receive government payments (% age 15+)	GFDD.AI.09	6.00252
Bulgaria	BGR	Account used to receive remittances (% age 15+)	GFDD.AI.10	5.636611
Bulgaria	BGR	Account used to receive wages (% age 15+)	GFDD.AI.11	30.65267
Burkina Faso	BFA	Depositing/withdrawing at least once in a typical month (% age 15+)	GFDD.AI.26	12.91181
Burkina Faso	BFA	Account used to receive government payments (% age 15+)	GFDD.AI.09	1.350335
Burkina Faso	BFA	Account used to receive remittances (% age 15+)	GFDD.AI.10	1.201724
Burkina Faso	BFA	Account used to receive wages (% age 15+)	GFDD.AI.11	2.33215
Burundi	BDI	Depositing/withdrawing at least once in a typical month (% age 15+)	GFDD.AI.26	6.565804
Burundi	BDI	Account used to receive government payments (% age 15+)	GFDD.AI.09	2.160687
Burundi	BDI	Account used to receive remittances (% age 15+)	GFDD.AI.10	1.450872
Burundi	BDI	Account used to receive wages (% age 15+)	GFDD.AI.11	2.38263
Cambodia	KHM	Depositing/withdrawing at least once in a typical month (% age 15+)	GFDD.AI.26	3.225011
Cambodia	KHM	Account used to receive government payments (% age 15+)	GFDD.AI.09	0.1256507
Cambodia	KHM	Account used to receive remittances (% age 15+)	GFDD.AI.10	1.207022
Cambodia	KHM	Account used to receive wages (% age 15+)	GFDD.AI.11	1.098395
Cameroon	CMR	Depositing/withdrawing at least once in a typical month (% age 15+)	GFDD.AI.26	12.87727
Cameroon	CMR	Account used to receive government payments (% age 15+)	GFDD.AI.09	2.110757
Cameroon	CMR	Account used to receive remittances (% age 15+)	GFDD.AI.10	1.417501
Cameroon	CMR	Account used to receive wages (% age 15+)	GFDD.AI.11	2.375619
Canada	CAN	Depositing/withdrawing at least once in a typical month (% age 15+)	GFDD.AI.26	94.32471
Canada	CAN	Account used to receive government payments (% age 15+)	GFDD.AI.09	64.63709
Canada	CAN	Account used to receive remittances (% age 15+)	GFDD.AI.10	12.68449
Canada	CAN	Account used to receive wages (% age 15+)	GFDD.AI.11	56.31657
Cape Verde	CPV	Depositing/withdrawing at least once in a typical month (% age 15+)	GFDD.AI.26	..
Cape Verde	CPV	Account used to receive government payments (% age 15+)	GFDD.AI.09	..
Cape Verde	CPV	Account used to receive remittances (% age 15+)	GFDD.AI.10	..
Cape Verde	CPV	Account used to receive wages (% age 15+)	GFDD.AI.11	..
Cayman Islands	CYM	Depositing/withdrawing at least once in a typical month (% age 15+)	GFDD.AI.26	..
Cayman Islands	CYM	Account used to receive government payments (% age 15+)	GFDD.AI.09	..
Cayman Islands	CYM	Account used to receive remittances (% age 15+)	GFDD.AI.10	..
Cayman Islands	CYM	Account used to receive wages (% age 15+)	GFDD.AI.11	..
Central African Republic	CAF	Depositing/withdrawing at least once in a typical month (% age 15+)	GFDD.AI.26	3.300809
Central African Republic	CAF	Account used to receive government payments (% age 15+)	GFDD.AI.09	0.9885551
Central African Republic	CAF	Account used to receive remittances (% age 15+)	GFDD.AI.10	0.6119933
Central African Republic	CAF	Account used to receive wages (% age 15+)	GFDD.AI.11	1.214321
Chad	TCD	Depositing/withdrawing at least once in a typical month (% age 15+)	GFDD.AI.26	8.657588
Chad	TCD	Account used to receive government payments (% age 15+)	GFDD.AI.09	2.538898
Chad	TCD	Account used to receive remittances (% age 15+)	GFDD.AI.10	2.585062
Chad	TCD	Account used to receive wages (% age 15+)	GFDD.AI.11	4.420792
Chile	CHL	Depositing/withdrawing at least once in a typical month (% age 15+)	GFDD.AI.26	38.73519
Chile	CHL	Account used to receive government payments (% age 15+)	GFDD.AI.09	5.708934
Chile	CHL	Account used to receive remittances (% age 15+)	GFDD.AI.10	4.028991
Chile	CHL	Account used to receive wages (% age 15+)	GFDD.AI.11	20.21165
China	CHN	Depositing/withdrawing at least once in a typical month (% age 15+)	GFDD.AI.26	53.38205
China	CHN	Account used to receive government payments (% age 15+)	GFDD.AI.09	7.047378
China	CHN	Account used to receive remittances (% age 15+)	GFDD.AI.10	9.073106
China	CHN	Account used to receive wages (% age 15+)	GFDD.AI.11	18.66488
Colombia	COL	Depositing/withdrawing at least once in a typical month (% age 15+)	GFDD.AI.26	28.15157
Colombia	COL	Account used to receive government payments (% age 15+)	GFDD.AI.09	4.284166
Colombia	COL	Account used to receive remittances (% age 15+)	GFDD.AI.10	3.246623
Colombia	COL	Account used to receive wages (% age 15+)	GFDD.AI.11	18.83244
Comoros	COM	Depositing/withdrawing at least once in a typical month (% age 15+)	GFDD.AI.26	20.96321
Comoros	COM	Account used to receive government payments (% age 15+)	GFDD.AI.09	5.127679
Comoros	COM	Account used to receive remittances (% age 15+)	GFDD.AI.10	4.019893
Comoros	COM	Account used to receive wages (% age 15+)	GFDD.AI.11	5.913832
"Congo, Dem. Rep."	ZAR	Depositing/withdrawing at least once in a typical month (% age 15+)	GFDD.AI.26	3.696726
"Congo, Dem. Rep."	ZAR	Account used to receive government payments (% age 15+)	GFDD.AI.09	0.1237075
"Congo, Dem. Rep."	ZAR	Account used to receive remittances (% age 15+)	GFDD.AI.10	1.16922
"Congo, Dem. Rep."	ZAR	Account used to receive wages (% age 15+)	GFDD.AI.11	1.119791
"Congo, Rep."	COG	Depositing/withdrawing at least once in a typical month (% age 15+)	GFDD.AI.26	8.365724
"Congo, Rep."	COG	Account used to receive government payments (% age 15+)	GFDD.AI.09	1.407297
"Congo, Rep."	COG	Account used to receive remittances (% age 15+)	GFDD.AI.10	2.271717
"Congo, Rep."	COG	Account used to receive wages (% age 15+)	GFDD.AI.11	2.246932
Costa Rica	CRI	Depositing/withdrawing at least once in a typical month (% age 15+)	GFDD.AI.26	47.61157
Costa Rica	CRI	Account used to receive government payments (% age 15+)	GFDD.AI.09	13.46569
Costa Rica	CRI	Account used to receive remittances (% age 15+)	GFDD.AI.10	8.959165
Costa Rica	CRI	Account used to receive wages (% age 15+)	GFDD.AI.11	27.63593
Cote d'Ivoire	CIV	Depositing/withdrawing at least once in a typical month (% age 15+)	GFDD.AI.26	..
Cote d'Ivoire	CIV	Account used to receive government payments (% age 15+)	GFDD.AI.09	..
Cote d'Ivoire	CIV	Account used to receive remittances (% age 15+)	GFDD.AI.10	..
Cote d'Ivoire	CIV	Account used to receive wages (% age 15+)	GFDD.AI.11	..
Croatia	HRV	Depositing/withdrawing at least once in a typical month (% age 15+)	GFDD.AI.26	86.313
Croatia	HRV	Account used to receive government payments (% age 15+)	GFDD.AI.09	9.774927
Croatia	HRV	Account used to receive remittances (% age 15+)	GFDD.AI.10	4.661405
Croatia	HRV	Account used to receive wages (% age 15+)	GFDD.AI.11	33.20503
Cuba	CUB	Depositing/withdrawing at least once in a typical month (% age 15+)	GFDD.AI.26	..
Cuba	CUB	Account used to receive government payments (% age 15+)	GFDD.AI.09	..
Cuba	CUB	Account used to receive remittances (% age 15+)	GFDD.AI.10	..
Cuba	CUB	Account used to receive wages (% age 15+)	GFDD.AI.11	..
Curacao	CUW	Depositing/withdrawing at least once in a typical month (% age 15+)	GFDD.AI.26	..
Curacao	CUW	Account used to receive government payments (% age 15+)	GFDD.AI.09	..
Curacao	CUW	Account used to receive remittances (% age 15+)	GFDD.AI.10	..
Curacao	CUW	Account used to receive wages (% age 15+)	GFDD.AI.11	..
Cyprus	CYP	Depositing/withdrawing at least once in a typical month (% age 15+)	GFDD.AI.26	82.14801
Cyprus	CYP	Account used to receive government payments (% age 15+)	GFDD.AI.09	36.56022
Cyprus	CYP	Account used to receive remittances (% age 15+)	GFDD.AI.10	7.776518
Cyprus	CYP	Account used to receive wages (% age 15+)	GFDD.AI.11	27.81137
Czech Republic	CZE	Depositing/withdrawing at least once in a typical month (% age 15+)	GFDD.AI.26	80.23305
Czech Republic	CZE	Account used to receive government payments (% age 15+)	GFDD.AI.09	9.792462
Czech Republic	CZE	Account used to receive remittances (% age 15+)	GFDD.AI.10	4.257847
Czech Republic	CZE	Account used to receive wages (% age 15+)	GFDD.AI.11	53.07729
Denmark	DNK	Depositing/withdrawing at least once in a typical month (% age 15+)	GFDD.AI.26	99.22822
Denmark	DNK	Account used to receive government payments (% age 15+)	GFDD.AI.09	72.54152
Denmark	DNK	Account used to receive remittances (% age 15+)	GFDD.AI.10	33.89663
Denmark	DNK	Account used to receive wages (% age 15+)	GFDD.AI.11	67.4039
Djibouti	DJI	Depositing/withdrawing at least once in a typical month (% age 15+)	GFDD.AI.26	9.873396
Djibouti	DJI	Account used to receive government payments (% age 15+)	GFDD.AI.09	5.802908
Djibouti	DJI	Account used to receive remittances (% age 15+)	GFDD.AI.10	3.080104
Djibouti	DJI	Account used to receive wages (% age 15+)	GFDD.AI.11	4.778826
Dominica	DMA	Depositing/withdrawing at least once in a typical month (% age 15+)	GFDD.AI.26	..
Dominica	DMA	Account used to receive government payments (% age 15+)	GFDD.AI.09	..
Dominica	DMA	Account used to receive remittances (% age 15+)	GFDD.AI.10	..
Dominica	DMA	Account used to receive wages (% age 15+)	GFDD.AI.11	..
Dominican Republic	DOM	Depositing/withdrawing at least once in a typical month (% age 15+)	GFDD.AI.26	34.22816
Dominican Republic	DOM	Account used to receive government payments (% age 15+)	GFDD.AI.09	6.877079
Dominican Republic	DOM	Account used to receive remittances (% age 15+)	GFDD.AI.10	8.540314
Dominican Republic	DOM	Account used to receive wages (% age 15+)	GFDD.AI.11	15.43991
Ecuador	ECU	Depositing/withdrawing at least once in a typical month (% age 15+)	GFDD.AI.26	34.8469
Ecuador	ECU	Account used to receive government payments (% age 15+)	GFDD.AI.09	4.573496
Ecuador	ECU	Account used to receive remittances (% age 15+)	GFDD.AI.10	3.680939
Ecuador	ECU	Account used to receive wages (% age 15+)	GFDD.AI.11	16.02006
"Egypt, Arab Rep."	EGY	Depositing/withdrawing at least once in a typical month (% age 15+)	GFDD.AI.26	6.154168
"Egypt, Arab Rep."	EGY	Account used to receive government payments (% age 15+)	GFDD.AI.09	1.961266
"Egypt, Arab Rep."	EGY	Account used to receive remittances (% age 15+)	GFDD.AI.10	0.7055439
"Egypt, Arab Rep."	EGY	Account used to receive wages (% age 15+)	GFDD.AI.11	0.9345841
El Salvador	SLV	Depositing/withdrawing at least once in a typical month (% age 15+)	GFDD.AI.26	13.20928
El Salvador	SLV	Account used to receive government payments (% age 15+)	GFDD.AI.09	3.039248
El Salvador	SLV	Account used to receive remittances (% age 15+)	GFDD.AI.10	2.51349
El Salvador	SLV	Account used to receive wages (% age 15+)	GFDD.AI.11	5.760712
Equatorial Guinea	GNQ	Depositing/withdrawing at least once in a typical month (% age 15+)	GFDD.AI.26	..
Equatorial Guinea	GNQ	Account used to receive government payments (% age 15+)	GFDD.AI.09	..
Equatorial Guinea	GNQ	Account used to receive remittances (% age 15+)	GFDD.AI.10	..
Equatorial Guinea	GNQ	Account used to receive wages (% age 15+)	GFDD.AI.11	..
Eritrea	ERI	Depositing/withdrawing at least once in a typical month (% age 15+)	GFDD.AI.26	..
Eritrea	ERI	Account used to receive government payments (% age 15+)	GFDD.AI.09	..
Eritrea	ERI	Account used to receive remittances (% age 15+)	GFDD.AI.10	..
Eritrea	ERI	Account used to receive wages (% age 15+)	GFDD.AI.11	..
Estonia	EST	Depositing/withdrawing at least once in a typical month (% age 15+)	GFDD.AI.26	95.18627
Estonia	EST	Account used to receive government payments (% age 15+)	GFDD.AI.09	60.81514
Estonia	EST	Account used to receive remittances (% age 15+)	GFDD.AI.10	20.89865
Estonia	EST	Account used to receive wages (% age 15+)	GFDD.AI.11	57.98092
Ethiopia	ETH	Depositing/withdrawing at least once in a typical month (% age 15+)	GFDD.AI.26	..
Ethiopia	ETH	Account used to receive government payments (% age 15+)	GFDD.AI.09	..
Ethiopia	ETH	Account used to receive remittances (% age 15+)	GFDD.AI.10	..
Ethiopia	ETH	Account used to receive wages (% age 15+)	GFDD.AI.11	..
Faeroe Islands	FRO	Depositing/withdrawing at least once in a typical month (% age 15+)	GFDD.AI.26	..
Faeroe Islands	FRO	Account used to receive government payments (% age 15+)	GFDD.AI.09	..
Faeroe Islands	FRO	Account used to receive remittances (% age 15+)	GFDD.AI.10	..
Faeroe Islands	FRO	Account used to receive wages (% age 15+)	GFDD.AI.11	..
Fiji	FJI	Depositing/withdrawing at least once in a typical month (% age 15+)	GFDD.AI.26	..
Fiji	FJI	Account used to receive government payments (% age 15+)	GFDD.AI.09	..
Fiji	FJI	Account used to receive remittances (% age 15+)	GFDD.AI.10	..
Fiji	FJI	Account used to receive wages (% age 15+)	GFDD.AI.11	..
Finland	FIN	Depositing/withdrawing at least once in a typical month (% age 15+)	GFDD.AI.26	99.59035
Finland	FIN	Account used to receive government payments (% age 15+)	GFDD.AI.09	65.82194
Finland	FIN	Account used to receive remittances (% age 15+)	GFDD.AI.10	31.63577
Finland	FIN	Account used to receive wages (% age 15+)	GFDD.AI.11	66.09652
France	FRA	Depositing/withdrawing at least once in a typical month (% age 15+)	GFDD.AI.26	94.94501
France	FRA	Account used to receive government payments (% age 15+)	GFDD.AI.09	37.16621
France	FRA	Account used to receive remittances (% age 15+)	GFDD.AI.10	18.09916
France	FRA	Account used to receive wages (% age 15+)	GFDD.AI.11	59.87457
French Polynesia	PYF	Depositing/withdrawing at least once in a typical month (% age 15+)	GFDD.AI.26	..
French Polynesia	PYF	Account used to receive government payments (% age 15+)	GFDD.AI.09	..
French Polynesia	PYF	Account used to receive remittances (% age 15+)	GFDD.AI.10	..
French Polynesia	PYF	Account used to receive wages (% age 15+)	GFDD.AI.11	..
Gabon	GAB	Depositing/withdrawing at least once in a typical month (% age 15+)	GFDD.AI.26	18.70922
Gabon	GAB	Account used to receive government payments (% age 15+)	GFDD.AI.09	2.678324
Gabon	GAB	Account used to receive remittances (% age 15+)	GFDD.AI.10	2.742221
Gabon	GAB	Account used to receive wages (% age 15+)	GFDD.AI.11	4.920104
"Gambia, The"	GMB	Depositing/withdrawing at least once in a typical month (% age 15+)	GFDD.AI.26	..
"Gambia, The"	GMB	Account used to receive government payments (% age 15+)	GFDD.AI.09	..
"Gambia, The"	GMB	Account used to receive remittances (% age 15+)	GFDD.AI.10	..
"Gambia, The"	GMB	Account used to receive wages (% age 15+)	GFDD.AI.11	..
Georgia	GEO	Depositing/withdrawing at least once in a typical month (% age 15+)	GFDD.AI.26	31.94695
Georgia	GEO	Account used to receive government payments (% age 15+)	GFDD.AI.09	19.36881
Georgia	GEO	Account used to receive remittances (% age 15+)	GFDD.AI.10	2.266875
Georgia	GEO	Account used to receive wages (% age 15+)	GFDD.AI.11	8.144133
Germany	DEU	Depositing/withdrawing at least once in a typical month (% age 15+)	GFDD.AI.26	96.57045
Germany	DEU	Account used to receive government payments (% age 15+)	GFDD.AI.09	61.98449
Germany	DEU	Account used to receive remittances (% age 15+)	GFDD.AI.10	16.99458
Germany	DEU	Account used to receive wages (% age 15+)	GFDD.AI.11	45.87614
Ghana	GHA	Depositing/withdrawing at least once in a typical month (% age 15+)	GFDD.AI.26	27.93451
Ghana	GHA	Account used to receive government payments (% age 15+)	GFDD.AI.09	7.236863
Ghana	GHA	Account used to receive remittances (% age 15+)	GFDD.AI.10	11.77466
Ghana	GHA	Account used to receive wages (% age 15+)	GFDD.AI.11	11.50298
Greece	GRC	Depositing/withdrawing at least once in a typical month (% age 15+)	GFDD.AI.26	77.72553
Greece	GRC	Account used to receive government payments (% age 15+)	GFDD.AI.09	20.99072
Greece	GRC	Account used to receive remittances (% age 15+)	GFDD.AI.10	4.792522
Greece	GRC	Account used to receive wages (% age 15+)	GFDD.AI.11	32.29814
Grenada	GRD	Depositing/withdrawing at least once in a typical month (% age 15+)	GFDD.AI.26	..
Grenada	GRD	Account used to receive government payments (% age 15+)	GFDD.AI.09	..
Grenada	GRD	Account used to receive remittances (% age 15+)	GFDD.AI.10	..
Grenada	GRD	Account used to receive wages (% age 15+)	GFDD.AI.11	..
Guatemala	GTM	Depositing/withdrawing at least once in a typical month (% age 15+)	GFDD.AI.26	21.42586
Guatemala	GTM	Account used to receive government payments (% age 15+)	GFDD.AI.09	3.488271
Guatemala	GTM	Account used to receive remittances (% age 15+)	GFDD.AI.10	4.343032
Guatemala	GTM	Account used to receive wages (% age 15+)	GFDD.AI.11	10.0221
Guinea	GIN	Depositing/withdrawing at least once in a typical month (% age 15+)	GFDD.AI.26	3.647994
Guinea	GIN	Account used to receive government payments (% age 15+)	GFDD.AI.09	0.5776177
Guinea	GIN	Account used to receive remittances (% age 15+)	GFDD.AI.10	0.7856596
Guinea	GIN	Account used to receive wages (% age 15+)	GFDD.AI.11	0.8902503
Guinea-Bissau	GNB	Depositing/withdrawing at least once in a typical month (% age 15+)	GFDD.AI.26	..
Guinea-Bissau	GNB	Account used to receive government payments (% age 15+)	GFDD.AI.09	..
Guinea-Bissau	GNB	Account used to receive remittances (% age 15+)	GFDD.AI.10	..
Guinea-Bissau	GNB	Account used to receive wages (% age 15+)	GFDD.AI.11	..
Guyana	GUY	Depositing/withdrawing at least once in a typical month (% age 15+)	GFDD.AI.26	..
Guyana	GUY	Account used to receive government payments (% age 15+)	GFDD.AI.09	..
Guyana	GUY	Account used to receive remittances (% age 15+)	GFDD.AI.10	..
Guyana	GUY	Account used to receive wages (% age 15+)	GFDD.AI.11	..
Haiti	HTI	Depositing/withdrawing at least once in a typical month (% age 15+)	GFDD.AI.26	21.57799
Haiti	HTI	Account used to receive government payments (% age 15+)	GFDD.AI.09	0.5618275
Haiti	HTI	Account used to receive remittances (% age 15+)	GFDD.AI.10	10.81392
Haiti	HTI	Account used to receive wages (% age 15+)	GFDD.AI.11	8.221887
Honduras	HND	Depositing/withdrawing at least once in a typical month (% age 15+)	GFDD.AI.26	19.92256
Honduras	HND	Account used to receive government payments (% age 15+)	GFDD.AI.09	2.027169
Honduras	HND	Account used to receive remittances (% age 15+)	GFDD.AI.10	4.097485
Honduras	HND	Account used to receive wages (% age 15+)	GFDD.AI.11	8.299526
"Hong Kong SAR, China"	HKG	Depositing/withdrawing at least once in a typical month (% age 15+)	GFDD.AI.26	84.87992
"Hong Kong SAR, China"	HKG	Account used to receive government payments (% age 15+)	GFDD.AI.09	18.20796
"Hong Kong SAR, China"	HKG	Account used to receive remittances (% age 15+)	GFDD.AI.10	14.99469
"Hong Kong SAR, China"	HKG	Account used to receive wages (% age 15+)	GFDD.AI.11	48.71722
Hungary	HUN	Depositing/withdrawing at least once in a typical month (% age 15+)	GFDD.AI.26	68.43204
Hungary	HUN	Account used to receive government payments (% age 15+)	GFDD.AI.09	34.06434
Hungary	HUN	Account used to receive remittances (% age 15+)	GFDD.AI.10	5.015464
Hungary	HUN	Account used to receive wages (% age 15+)	GFDD.AI.11	38.93446
Iceland	ISL	Depositing/withdrawing at least once in a typical month (% age 15+)	GFDD.AI.26	..
Iceland	ISL	Account used to receive government payments (% age 15+)	GFDD.AI.09	..
Iceland	ISL	Account used to receive remittances (% age 15+)	GFDD.AI.10	..
Iceland	ISL	Account used to receive wages (% age 15+)	GFDD.AI.11	..
India	IND	Depositing/withdrawing at least once in a typical month (% age 15+)	GFDD.AI.26	32.78048
India	IND	Account used to receive government payments (% age 15+)	GFDD.AI.09	3.956759
India	IND	Account used to receive remittances (% age 15+)	GFDD.AI.10	1.919829
India	IND	Account used to receive wages (% age 15+)	GFDD.AI.11	8.344333
Indonesia	IDN	Depositing/withdrawing at least once in a typical month (% age 15+)	GFDD.AI.26	19.46216
Indonesia	IDN	Account used to receive government payments (% age 15+)	GFDD.AI.09	2.63884
Indonesia	IDN	Account used to receive remittances (% age 15+)	GFDD.AI.10	6.135895
Indonesia	IDN	Account used to receive wages (% age 15+)	GFDD.AI.11	7.698826
"Iran, Islamic Rep."	IRN	Depositing/withdrawing at least once in a typical month (% age 15+)	GFDD.AI.26	62.7418
"Iran, Islamic Rep."	IRN	Account used to receive government payments (% age 15+)	GFDD.AI.09	49.30726
"Iran, Islamic Rep."	IRN	Account used to receive remittances (% age 15+)	GFDD.AI.10	27.32704
"Iran, Islamic Rep."	IRN	Account used to receive wages (% age 15+)	GFDD.AI.11	26.10084
Iraq	IRQ	Depositing/withdrawing at least once in a typical month (% age 15+)	GFDD.AI.26	10.34565
Iraq	IRQ	Account used to receive government payments (% age 15+)	GFDD.AI.09	4.345243
Iraq	IRQ	Account used to receive remittances (% age 15+)	GFDD.AI.10	1.594902
Iraq	IRQ	Account used to receive wages (% age 15+)	GFDD.AI.11	3.28581
Ireland	IRL	Depositing/withdrawing at least once in a typical month (% age 15+)	GFDD.AI.26	92.3647
Ireland	IRL	Account used to receive government payments (% age 15+)	GFDD.AI.09	38.97225
Ireland	IRL	Account used to receive remittances (% age 15+)	GFDD.AI.10	11.81489
Ireland	IRL	Account used to receive wages (% age 15+)	GFDD.AI.11	51.65781
Isle of Man	IMY	Depositing/withdrawing at least once in a typical month (% age 15+)	GFDD.AI.26	..
Isle of Man	IMY	Account used to receive government payments (% age 15+)	GFDD.AI.09	..
Isle of Man	IMY	Account used to receive remittances (% age 15+)	GFDD.AI.10	..
Isle of Man	IMY	Account used to receive wages (% age 15+)	GFDD.AI.11	..
Israel	ISR	Depositing/withdrawing at least once in a typical month (% age 15+)	GFDD.AI.26	90.32362
Israel	ISR	Account used to receive government payments (% age 15+)	GFDD.AI.09	31.63132
Israel	ISR	Account used to receive remittances (% age 15+)	GFDD.AI.10	9.820793
Israel	ISR	Account used to receive wages (% age 15+)	GFDD.AI.11	43.74931
Italy	ITA	Depositing/withdrawing at least once in a typical month (% age 15+)	GFDD.AI.26	69.17197
Italy	ITA	Account used to receive government payments (% age 15+)	GFDD.AI.09	22.41296
Italy	ITA	Account used to receive remittances (% age 15+)	GFDD.AI.10	3.438588
Italy	ITA	Account used to receive wages (% age 15+)	GFDD.AI.11	31.35342
Jamaica	JAM	Depositing/withdrawing at least once in a typical month (% age 15+)	GFDD.AI.26	60.37578
Jamaica	JAM	Account used to receive government payments (% age 15+)	GFDD.AI.09	4.100531
Jamaica	JAM	Account used to receive remittances (% age 15+)	GFDD.AI.10	15.11609
Jamaica	JAM	Account used to receive wages (% age 15+)	GFDD.AI.11	13.61914
Japan	JPN	Depositing/withdrawing at least once in a typical month (% age 15+)	GFDD.AI.26	92.14464
Japan	JPN	Account used to receive government payments (% age 15+)	GFDD.AI.09	47.65324
Japan	JPN	Account used to receive remittances (% age 15+)	GFDD.AI.10	7.442305
Japan	JPN	Account used to receive wages (% age 15+)	GFDD.AI.11	52.41106
Jordan	JOR	Depositing/withdrawing at least once in a typical month (% age 15+)	GFDD.AI.26	24.65628
Jordan	JOR	Account used to receive government payments (% age 15+)	GFDD.AI.09	8.536184
Jordan	JOR	Account used to receive remittances (% age 15+)	GFDD.AI.10	2.148237
Jordan	JOR	Account used to receive wages (% age 15+)	GFDD.AI.11	5.681418
Kazakhstan	KAZ	Depositing/withdrawing at least once in a typical month (% age 15+)	GFDD.AI.26	40.63314
Kazakhstan	KAZ	Account used to receive government payments (% age 15+)	GFDD.AI.09	9.104068
Kazakhstan	KAZ	Account used to receive remittances (% age 15+)	GFDD.AI.10	3.199088
Kazakhstan	KAZ	Account used to receive wages (% age 15+)	GFDD.AI.11	29.52424
Kenya	KEN	Depositing/withdrawing at least once in a typical month (% age 15+)	GFDD.AI.26	40.49129
Kenya	KEN	Account used to receive government payments (% age 15+)	GFDD.AI.09	5.292849
Kenya	KEN	Account used to receive remittances (% age 15+)	GFDD.AI.10	17.18402
Kenya	KEN	Account used to receive wages (% age 15+)	GFDD.AI.11	15.93363
Kiribati	KIR	Depositing/withdrawing at least once in a typical month (% age 15+)	GFDD.AI.26	..
Kiribati	KIR	Account used to receive government payments (% age 15+)	GFDD.AI.09	..
Kiribati	KIR	Account used to receive remittances (% age 15+)	GFDD.AI.10	..
Kiribati	KIR	Account used to receive wages (% age 15+)	GFDD.AI.11	..
"Korea, Dem. Rep."	PRK	Depositing/withdrawing at least once in a typical month (% age 15+)	GFDD.AI.26	..
"Korea, Dem. Rep."	PRK	Account used to receive government payments (% age 15+)	GFDD.AI.09	..
"Korea, Dem. Rep."	PRK	Account used to receive remittances (% age 15+)	GFDD.AI.10	..
"Korea, Dem. Rep."	PRK	Account used to receive wages (% age 15+)	GFDD.AI.11	..
"Korea, Rep."	KOR	Depositing/withdrawing at least once in a typical month (% age 15+)	GFDD.AI.26	89.22387
"Korea, Rep."	KOR	Account used to receive government payments (% age 15+)	GFDD.AI.09	25.19647
"Korea, Rep."	KOR	Account used to receive remittances (% age 15+)	GFDD.AI.10	39.91846
"Korea, Rep."	KOR	Account used to receive wages (% age 15+)	GFDD.AI.11	49.38777
Kosovo	KSV	Depositing/withdrawing at least once in a typical month (% age 15+)	GFDD.AI.26	41.80677
Kosovo	KSV	Account used to receive government payments (% age 15+)	GFDD.AI.09	9.504909
Kosovo	KSV	Account used to receive remittances (% age 15+)	GFDD.AI.10	8.924016
Kosovo	KSV	Account used to receive wages (% age 15+)	GFDD.AI.11	14.94253
Kuwait	KWT	Depositing/withdrawing at least once in a typical month (% age 15+)	GFDD.AI.26	86.68342
Kuwait	KWT	Account used to receive government payments (% age 15+)	GFDD.AI.09	41.34882
Kuwait	KWT	Account used to receive remittances (% age 15+)	GFDD.AI.10	5.969314
Kuwait	KWT	Account used to receive wages (% age 15+)	GFDD.AI.11	51.07669
Kyrgyz Republic	KGZ	Depositing/withdrawing at least once in a typical month (% age 15+)	GFDD.AI.26	3.612083
Kyrgyz Republic	KGZ	Account used to receive government payments (% age 15+)	GFDD.AI.09	0.2493621
Kyrgyz Republic	KGZ	Account used to receive remittances (% age 15+)	GFDD.AI.10	1.362884
Kyrgyz Republic	KGZ	Account used to receive wages (% age 15+)	GFDD.AI.11	2.361098
Lao PDR	LAO	Depositing/withdrawing at least once in a typical month (% age 15+)	GFDD.AI.26	21.28081
Lao PDR	LAO	Account used to receive government payments (% age 15+)	GFDD.AI.09	1.024344
Lao PDR	LAO	Account used to receive remittances (% age 15+)	GFDD.AI.10	3.042266
Lao PDR	LAO	Account used to receive wages (% age 15+)	GFDD.AI.11	3.024836
Latvia	LVA	Depositing/withdrawing at least once in a typical month (% age 15+)	GFDD.AI.26	86.21381
Latvia	LVA	Account used to receive government payments (% age 15+)	GFDD.AI.09	49.11327
Latvia	LVA	Account used to receive remittances (% age 15+)	GFDD.AI.10	12.30172
Latvia	LVA	Account used to receive wages (% age 15+)	GFDD.AI.11	53.49943
Lebanon	LBN	Depositing/withdrawing at least once in a typical month (% age 15+)	GFDD.AI.26	35.70329
Lebanon	LBN	Account used to receive government payments (% age 15+)	GFDD.AI.09	1.921613
Lebanon	LBN	Account used to receive remittances (% age 15+)	GFDD.AI.10	5.865014
Lebanon	LBN	Account used to receive wages (% age 15+)	GFDD.AI.11	16.91375
Lesotho	LSO	Depositing/withdrawing at least once in a typical month (% age 15+)	GFDD.AI.26	17.87606
Lesotho	LSO	Account used to receive government payments (% age 15+)	GFDD.AI.09	6.106435
Lesotho	LSO	Account used to receive remittances (% age 15+)	GFDD.AI.10	9.798663
Lesotho	LSO	Account used to receive wages (% age 15+)	GFDD.AI.11	6.587306
Liberia	LBR	Depositing/withdrawing at least once in a typical month (% age 15+)	GFDD.AI.26	17.95802
Liberia	LBR	Account used to receive government payments (% age 15+)	GFDD.AI.09	5.532052
Liberia	LBR	Account used to receive remittances (% age 15+)	GFDD.AI.10	6.978208
Liberia	LBR	Account used to receive wages (% age 15+)	GFDD.AI.11	5.993522
Libya	LBY	Depositing/withdrawing at least once in a typical month (% age 15+)	GFDD.AI.26	..
Libya	LBY	Account used to receive government payments (% age 15+)	GFDD.AI.09	..
Libya	LBY	Account used to receive remittances (% age 15+)	GFDD.AI.10	..
Libya	LBY	Account used to receive wages (% age 15+)	GFDD.AI.11	..
Liechtenstein	LIE	Depositing/withdrawing at least once in a typical month (% age 15+)	GFDD.AI.26	..
Liechtenstein	LIE	Account used to receive government payments (% age 15+)	GFDD.AI.09	..
Liechtenstein	LIE	Account used to receive remittances (% age 15+)	GFDD.AI.10	..
Liechtenstein	LIE	Account used to receive wages (% age 15+)	GFDD.AI.11	..
Lithuania	LTU	Depositing/withdrawing at least once in a typical month (% age 15+)	GFDD.AI.26	70.83023
Lithuania	LTU	Account used to receive government payments (% age 15+)	GFDD.AI.09	28.59192
Lithuania	LTU	Account used to receive remittances (% age 15+)	GFDD.AI.10	11.29835
Lithuania	LTU	Account used to receive wages (% age 15+)	GFDD.AI.11	40.06845
Luxembourg	LUX	Depositing/withdrawing at least once in a typical month (% age 15+)	GFDD.AI.26	94.32268
Luxembourg	LUX	Account used to receive government payments (% age 15+)	GFDD.AI.09	36.7111
Luxembourg	LUX	Account used to receive remittances (% age 15+)	GFDD.AI.10	11.12249
Luxembourg	LUX	Account used to receive wages (% age 15+)	GFDD.AI.11	40.39169
"Macao SAR, China"	MAC	Depositing/withdrawing at least once in a typical month (% age 15+)	GFDD.AI.26	..
"Macao SAR, China"	MAC	Account used to receive government payments (% age 15+)	GFDD.AI.09	..
"Macao SAR, China"	MAC	Account used to receive remittances (% age 15+)	GFDD.AI.10	..
"Macao SAR, China"	MAC	Account used to receive wages (% age 15+)	GFDD.AI.11	..
"Macedonia, FYR"	MKD	Depositing/withdrawing at least once in a typical month (% age 15+)	GFDD.AI.26	70.99499
"Macedonia, FYR"	MKD	Account used to receive government payments (% age 15+)	GFDD.AI.09	8.57044
"Macedonia, FYR"	MKD	Account used to receive remittances (% age 15+)	GFDD.AI.10	5.911202
"Macedonia, FYR"	MKD	Account used to receive wages (% age 15+)	GFDD.AI.11	32.81585
Madagascar	MDG	Depositing/withdrawing at least once in a typical month (% age 15+)	GFDD.AI.26	5.197167
Madagascar	MDG	Account used to receive government payments (% age 15+)	GFDD.AI.09	1.235895
Madagascar	MDG	Account used to receive remittances (% age 15+)	GFDD.AI.10	1.184962
Madagascar	MDG	Account used to receive wages (% age 15+)	GFDD.AI.11	3.247742
Malawi	MWI	Depositing/withdrawing at least once in a typical month (% age 15+)	GFDD.AI.26	15.86597
Malawi	MWI	Account used to receive government payments (% age 15+)	GFDD.AI.09	3.574624
Malawi	MWI	Account used to receive remittances (% age 15+)	GFDD.AI.10	6.957967
Malawi	MWI	Account used to receive wages (% age 15+)	GFDD.AI.11	6.42034
Malaysia	MYS	Depositing/withdrawing at least once in a typical month (% age 15+)	GFDD.AI.26	62.65045
Malaysia	MYS	Account used to receive government payments (% age 15+)	GFDD.AI.09	7.487998
Malaysia	MYS	Account used to receive remittances (% age 15+)	GFDD.AI.10	9.611026
Malaysia	MYS	Account used to receive wages (% age 15+)	GFDD.AI.11	26.3037
Maldives	MDV	Depositing/withdrawing at least once in a typical month (% age 15+)	GFDD.AI.26	..
Maldives	MDV	Account used to receive government payments (% age 15+)	GFDD.AI.09	..
Maldives	MDV	Account used to receive remittances (% age 15+)	GFDD.AI.10	..
Maldives	MDV	Account used to receive wages (% age 15+)	GFDD.AI.11	..
Mali	MLI	Depositing/withdrawing at least once in a typical month (% age 15+)	GFDD.AI.26	7.476686
Mali	MLI	Account used to receive government payments (% age 15+)	GFDD.AI.09	1.735839
Mali	MLI	Account used to receive remittances (% age 15+)	GFDD.AI.10	1.526788
Mali	MLI	Account used to receive wages (% age 15+)	GFDD.AI.11	3.140646
Malta	MLT	Depositing/withdrawing at least once in a typical month (% age 15+)	GFDD.AI.26	89.1357
Malta	MLT	Account used to receive government payments (% age 15+)	GFDD.AI.09	55.89402
Malta	MLT	Account used to receive remittances (% age 15+)	GFDD.AI.10	2.598194
Malta	MLT	Account used to receive wages (% age 15+)	GFDD.AI.11	46.04316
Marshall Islands	MHL	Depositing/withdrawing at least once in a typical month (% age 15+)	GFDD.AI.26	..
Marshall Islands	MHL	Account used to receive government payments (% age 15+)	GFDD.AI.09	..
Marshall Islands	MHL	Account used to receive remittances (% age 15+)	GFDD.AI.10	..
Marshall Islands	MHL	Account used to receive wages (% age 15+)	GFDD.AI.11	..
Mauritania	MRT	Depositing/withdrawing at least once in a typical month (% age 15+)	GFDD.AI.26	16.86152
Mauritania	MRT	Account used to receive government payments (% age 15+)	GFDD.AI.09	8.10781
Mauritania	MRT	Account used to receive remittances (% age 15+)	GFDD.AI.10	3.775331
Mauritania	MRT	Account used to receive wages (% age 15+)	GFDD.AI.11	7.613935
Mauritius	MUS	Depositing/withdrawing at least once in a typical month (% age 15+)	GFDD.AI.26	74.92126
Mauritius	MUS	Account used to receive government payments (% age 15+)	GFDD.AI.09	21.79684
Mauritius	MUS	Account used to receive remittances (% age 15+)	GFDD.AI.10	3.219927
Mauritius	MUS	Account used to receive wages (% age 15+)	GFDD.AI.11	26.69075
Mexico	MEX	Depositing/withdrawing at least once in a typical month (% age 15+)	GFDD.AI.26	24.61287
Mexico	MEX	Account used to receive government payments (% age 15+)	GFDD.AI.09	4.133869
Mexico	MEX	Account used to receive remittances (% age 15+)	GFDD.AI.10	5.170405
Mexico	MEX	Account used to receive wages (% age 15+)	GFDD.AI.11	14.08969
"Micronesia, Fed. Sts."	FSM	Depositing/withdrawing at least once in a typical month (% age 15+)	GFDD.AI.26	..
"Micronesia, Fed. Sts."	FSM	Account used to receive government payments (% age 15+)	GFDD.AI.09	..
"Micronesia, Fed. Sts."	FSM	Account used to receive remittances (% age 15+)	GFDD.AI.10	..
"Micronesia, Fed. Sts."	FSM	Account used to receive wages (% age 15+)	GFDD.AI.11	..
Moldova	MDA	Depositing/withdrawing at least once in a typical month (% age 15+)	GFDD.AI.26	16.82089
Moldova	MDA	Account used to receive government payments (% age 15+)	GFDD.AI.09	6.419955
Moldova	MDA	Account used to receive remittances (% age 15+)	GFDD.AI.10	2.44144
Moldova	MDA	Account used to receive wages (% age 15+)	GFDD.AI.11	8.900511
Monaco	MCO	Depositing/withdrawing at least once in a typical month (% age 15+)	GFDD.AI.26	..
Monaco	MCO	Account used to receive government payments (% age 15+)	GFDD.AI.09	..
Monaco	MCO	Account used to receive remittances (% age 15+)	GFDD.AI.10	..
Monaco	MCO	Account used to receive wages (% age 15+)	GFDD.AI.11	..
Mongolia	MNG	Depositing/withdrawing at least once in a typical month (% age 15+)	GFDD.AI.26	77.01775
Mongolia	MNG	Account used to receive government payments (% age 15+)	GFDD.AI.09	49.43225
Mongolia	MNG	Account used to receive remittances (% age 15+)	GFDD.AI.10	41.03793
Mongolia	MNG	Account used to receive wages (% age 15+)	GFDD.AI.11	29.37993
Montenegro	MNE	Depositing/withdrawing at least once in a typical month (% age 15+)	GFDD.AI.26	50.43801
Montenegro	MNE	Account used to receive government payments (% age 15+)	GFDD.AI.09	18.80375
Montenegro	MNE	Account used to receive remittances (% age 15+)	GFDD.AI.10	5.0062
Montenegro	MNE	Account used to receive wages (% age 15+)	GFDD.AI.11	30.44122
Morocco	MAR	Depositing/withdrawing at least once in a typical month (% age 15+)	GFDD.AI.26	29.76002
Morocco	MAR	Account used to receive government payments (% age 15+)	GFDD.AI.09	5.07588
Morocco	MAR	Account used to receive remittances (% age 15+)	GFDD.AI.10	10.08375
Morocco	MAR	Account used to receive wages (% age 15+)	GFDD.AI.11	24.16439
Mozambique	MOZ	Depositing/withdrawing at least once in a typical month (% age 15+)	GFDD.AI.26	39.87814
Mozambique	MOZ	Account used to receive government payments (% age 15+)	GFDD.AI.09	6.246931
Mozambique	MOZ	Account used to receive remittances (% age 15+)	GFDD.AI.10	11.47887
Mozambique	MOZ	Account used to receive wages (% age 15+)	GFDD.AI.11	21.68064
Myanmar	MMR	Depositing/withdrawing at least once in a typical month (% age 15+)	GFDD.AI.26	..
Myanmar	MMR	Account used to receive government payments (% age 15+)	GFDD.AI.09	..
Myanmar	MMR	Account used to receive remittances (% age 15+)	GFDD.AI.10	..
Myanmar	MMR	Account used to receive wages (% age 15+)	GFDD.AI.11	..
Namibia	NAM	Depositing/withdrawing at least once in a typical month (% age 15+)	GFDD.AI.26	..
Namibia	NAM	Account used to receive government payments (% age 15+)	GFDD.AI.09	..
Namibia	NAM	Account used to receive remittances (% age 15+)	GFDD.AI.10	..
Namibia	NAM	Account used to receive wages (% age 15+)	GFDD.AI.11	..
Nepal	NPL	Depositing/withdrawing at least once in a typical month (% age 15+)	GFDD.AI.26	24.88688
Nepal	NPL	Account used to receive government payments (% age 15+)	GFDD.AI.09	1.16679
Nepal	NPL	Account used to receive remittances (% age 15+)	GFDD.AI.10	4.612721
Nepal	NPL	Account used to receive wages (% age 15+)	GFDD.AI.11	3.603794
Netherlands	NLD	Depositing/withdrawing at least once in a typical month (% age 15+)	GFDD.AI.26	98.09331
Netherlands	NLD	Account used to receive government payments (% age 15+)	GFDD.AI.09	68.50403
Netherlands	NLD	Account used to receive remittances (% age 15+)	GFDD.AI.10	13.4358
Netherlands	NLD	Account used to receive wages (% age 15+)	GFDD.AI.11	56.41814
New Caledonia	NCL	Depositing/withdrawing at least once in a typical month (% age 15+)	GFDD.AI.26	..
New Caledonia	NCL	Account used to receive government payments (% age 15+)	GFDD.AI.09	..
New Caledonia	NCL	Account used to receive remittances (% age 15+)	GFDD.AI.10	..
New Caledonia	NCL	Account used to receive wages (% age 15+)	GFDD.AI.11	..
New Zealand	NZL	Depositing/withdrawing at least once in a typical month (% age 15+)	GFDD.AI.26	98.73131
New Zealand	NZL	Account used to receive government payments (% age 15+)	GFDD.AI.09	54.67362
New Zealand	NZL	Account used to receive remittances (% age 15+)	GFDD.AI.10	19.67159
New Zealand	NZL	Account used to receive wages (% age 15+)	GFDD.AI.11	73.6199
Nicaragua	NIC	Depositing/withdrawing at least once in a typical month (% age 15+)	GFDD.AI.26	11.85844
Nicaragua	NIC	Account used to receive government payments (% age 15+)	GFDD.AI.09	0.4819553
Nicaragua	NIC	Account used to receive remittances (% age 15+)	GFDD.AI.10	1.907007
Nicaragua	NIC	Account used to receive wages (% age 15+)	GFDD.AI.11	5.093318
Niger	NER	Depositing/withdrawing at least once in a typical month (% age 15+)	GFDD.AI.26	1.521699
Niger	NER	Account used to receive government payments (% age 15+)	GFDD.AI.09	0.4880667
Niger	NER	Account used to receive remittances (% age 15+)	GFDD.AI.10	0.2709056
Niger	NER	Account used to receive wages (% age 15+)	GFDD.AI.11	0.8055211
Nigeria	NGA	Depositing/withdrawing at least once in a typical month (% age 15+)	GFDD.AI.26	28.89926
Nigeria	NGA	Account used to receive government payments (% age 15+)	GFDD.AI.09	6.300218
Nigeria	NGA	Account used to receive remittances (% age 15+)	GFDD.AI.10	15.69828
Nigeria	NGA	Account used to receive wages (% age 15+)	GFDD.AI.11	11.83954
Norway	NOR	Depositing/withdrawing at least once in a typical month (% age 15+)	GFDD.AI.26	..
Norway	NOR	Account used to receive government payments (% age 15+)	GFDD.AI.09	..
Norway	NOR	Account used to receive remittances (% age 15+)	GFDD.AI.10	..
Norway	NOR	Account used to receive wages (% age 15+)	GFDD.AI.11	..
Oman	OMN	Depositing/withdrawing at least once in a typical month (% age 15+)	GFDD.AI.26	69.67899
Oman	OMN	Account used to receive government payments (% age 15+)	GFDD.AI.09	26.35783
Oman	OMN	Account used to receive remittances (% age 15+)	GFDD.AI.10	17.96614
Oman	OMN	Account used to receive wages (% age 15+)	GFDD.AI.11	16.17521
Pakistan	PAK	Depositing/withdrawing at least once in a typical month (% age 15+)	GFDD.AI.26	10.16536
Pakistan	PAK	Account used to receive government payments (% age 15+)	GFDD.AI.09	2.045655
Pakistan	PAK	Account used to receive remittances (% age 15+)	GFDD.AI.10	0.9941217
Pakistan	PAK	Account used to receive wages (% age 15+)	GFDD.AI.11	5.301926
Palau	PLW	Depositing/withdrawing at least once in a typical month (% age 15+)	GFDD.AI.26	..
Palau	PLW	Account used to receive government payments (% age 15+)	GFDD.AI.09	..
Palau	PLW	Account used to receive remittances (% age 15+)	GFDD.AI.10	..
Palau	PLW	Account used to receive wages (% age 15+)	GFDD.AI.11	..
Panama	PAN	Depositing/withdrawing at least once in a typical month (% age 15+)	GFDD.AI.26	22.75725
Panama	PAN	Account used to receive government payments (% age 15+)	GFDD.AI.09	4.377794
Panama	PAN	Account used to receive remittances (% age 15+)	GFDD.AI.10	4.752237
Panama	PAN	Account used to receive wages (% age 15+)	GFDD.AI.11	10.28383
Papua New Guinea	PNG	Depositing/withdrawing at least once in a typical month (% age 15+)	GFDD.AI.26	..
Papua New Guinea	PNG	Account used to receive government payments (% age 15+)	GFDD.AI.09	..
Papua New Guinea	PNG	Account used to receive remittances (% age 15+)	GFDD.AI.10	..
Papua New Guinea	PNG	Account used to receive wages (% age 15+)	GFDD.AI.11	..
Paraguay	PRY	Depositing/withdrawing at least once in a typical month (% age 15+)	GFDD.AI.26	19.45341
Paraguay	PRY	Account used to receive government payments (% age 15+)	GFDD.AI.09	0.8778012
Paraguay	PRY	Account used to receive remittances (% age 15+)	GFDD.AI.10	1.976049
Paraguay	PRY	Account used to receive wages (% age 15+)	GFDD.AI.11	10.49702
Peru	PER	Depositing/withdrawing at least once in a typical month (% age 15+)	GFDD.AI.26	19.3641
Peru	PER	Account used to receive government payments (% age 15+)	GFDD.AI.09	3.250804
Peru	PER	Account used to receive remittances (% age 15+)	GFDD.AI.10	3.970163
Peru	PER	Account used to receive wages (% age 15+)	GFDD.AI.11	10.56708
Philippines	PHL	Depositing/withdrawing at least once in a typical month (% age 15+)	GFDD.AI.26	24.91278
Philippines	PHL	Account used to receive government payments (% age 15+)	GFDD.AI.09	5.533005
Philippines	PHL	Account used to receive remittances (% age 15+)	GFDD.AI.10	12.19488
Philippines	PHL	Account used to receive wages (% age 15+)	GFDD.AI.11	8.479362
Poland	POL	Depositing/withdrawing at least once in a typical month (% age 15+)	GFDD.AI.26	67.84583
Poland	POL	Account used to receive government payments (% age 15+)	GFDD.AI.09	13.09169
Poland	POL	Account used to receive remittances (% age 15+)	GFDD.AI.10	6.757383
Poland	POL	Account used to receive wages (% age 15+)	GFDD.AI.11	42.34552
Portugal	PRT	Depositing/withdrawing at least once in a typical month (% age 15+)	GFDD.AI.26	78.4833
Portugal	PRT	Account used to receive government payments (% age 15+)	GFDD.AI.09	36.91384
Portugal	PRT	Account used to receive remittances (% age 15+)	GFDD.AI.10	5.606134
Portugal	PRT	Account used to receive wages (% age 15+)	GFDD.AI.11	43.33801
Qatar	QAT	Depositing/withdrawing at least once in a typical month (% age 15+)	GFDD.AI.26	63.6092
Qatar	QAT	Account used to receive government payments (% age 15+)	GFDD.AI.09	17.83325
Qatar	QAT	Account used to receive remittances (% age 15+)	GFDD.AI.10	14.01862
Qatar	QAT	Account used to receive wages (% age 15+)	GFDD.AI.11	16.79106
Romania	ROM	Depositing/withdrawing at least once in a typical month (% age 15+)	GFDD.AI.26	39.20832
Romania	ROM	Account used to receive government payments (% age 15+)	GFDD.AI.09	15.24613
Romania	ROM	Account used to receive remittances (% age 15+)	GFDD.AI.10	4.678037
Romania	ROM	Account used to receive wages (% age 15+)	GFDD.AI.11	19.30076
Russian Federation	RUS	Depositing/withdrawing at least once in a typical month (% age 15+)	GFDD.AI.26	45.88658
Russian Federation	RUS	Account used to receive government payments (% age 15+)	GFDD.AI.09	8.465518
Russian Federation	RUS	Account used to receive remittances (% age 15+)	GFDD.AI.10	2.132243
Russian Federation	RUS	Account used to receive wages (% age 15+)	GFDD.AI.11	30.10291
Rwanda	RWA	Depositing/withdrawing at least once in a typical month (% age 15+)	GFDD.AI.26	30.5576
Rwanda	RWA	Account used to receive government payments (% age 15+)	GFDD.AI.09	4.972301
Rwanda	RWA	Account used to receive remittances (% age 15+)	GFDD.AI.10	1.359702
Rwanda	RWA	Account used to receive wages (% age 15+)	GFDD.AI.11	11.62114
Samoa	WSM	Depositing/withdrawing at least once in a typical month (% age 15+)	GFDD.AI.26	..
Samoa	WSM	Account used to receive government payments (% age 15+)	GFDD.AI.09	..
Samoa	WSM	Account used to receive remittances (% age 15+)	GFDD.AI.10	..
Samoa	WSM	Account used to receive wages (% age 15+)	GFDD.AI.11	..
San Marino	SMR	Depositing/withdrawing at least once in a typical month (% age 15+)	GFDD.AI.26	..
San Marino	SMR	Account used to receive government payments (% age 15+)	GFDD.AI.09	..
San Marino	SMR	Account used to receive remittances (% age 15+)	GFDD.AI.10	..
San Marino	SMR	Account used to receive wages (% age 15+)	GFDD.AI.11	..
Sao Tome and Principe	STP	Depositing/withdrawing at least once in a typical month (% age 15+)	GFDD.AI.26	..
Sao Tome and Principe	STP	Account used to receive government payments (% age 15+)	GFDD.AI.09	..
Sao Tome and Principe	STP	Account used to receive remittances (% age 15+)	GFDD.AI.10	..
Sao Tome and Principe	STP	Account used to receive wages (% age 15+)	GFDD.AI.11	..
Saudi Arabia	SAU	Depositing/withdrawing at least once in a typical month (% age 15+)	GFDD.AI.26	46.17751
Saudi Arabia	SAU	Account used to receive government payments (% age 15+)	GFDD.AI.09	11.92754
Saudi Arabia	SAU	Account used to receive remittances (% age 15+)	GFDD.AI.10	5.905787
Saudi Arabia	SAU	Account used to receive wages (% age 15+)	GFDD.AI.11	19.81874
Senegal	SEN	Depositing/withdrawing at least once in a typical month (% age 15+)	GFDD.AI.26	5.821141
Senegal	SEN	Account used to receive government payments (% age 15+)	GFDD.AI.09	0.9667783
Senegal	SEN	Account used to receive remittances (% age 15+)	GFDD.AI.10	1.427673
Senegal	SEN	Account used to receive wages (% age 15+)	GFDD.AI.11	1.722733
Serbia	SRB	Depositing/withdrawing at least once in a typical month (% age 15+)	GFDD.AI.26	59.79124
Serbia	SRB	Account used to receive government payments (% age 15+)	GFDD.AI.09	29.62106
Serbia	SRB	Account used to receive remittances (% age 15+)	GFDD.AI.10	4.923805
Serbia	SRB	Account used to receive wages (% age 15+)	GFDD.AI.11	33.0748
Seychelles	SYC	Depositing/withdrawing at least once in a typical month (% age 15+)	GFDD.AI.26	..
Seychelles	SYC	Account used to receive government payments (% age 15+)	GFDD.AI.09	..
Seychelles	SYC	Account used to receive remittances (% age 15+)	GFDD.AI.10	..
Seychelles	SYC	Account used to receive wages (% age 15+)	GFDD.AI.11	..
Sierra Leone	SLE	Depositing/withdrawing at least once in a typical month (% age 15+)	GFDD.AI.26	14.92761
Sierra Leone	SLE	Account used to receive government payments (% age 15+)	GFDD.AI.09	3.933001
Sierra Leone	SLE	Account used to receive remittances (% age 15+)	GFDD.AI.10	6.835184
Sierra Leone	SLE	Account used to receive wages (% age 15+)	GFDD.AI.11	8.453215
Singapore	SGP	Depositing/withdrawing at least once in a typical month (% age 15+)	GFDD.AI.26	92.27079
Singapore	SGP	Account used to receive government payments (% age 15+)	GFDD.AI.09	48.48553
Singapore	SGP	Account used to receive remittances (% age 15+)	GFDD.AI.10	9.655725
Singapore	SGP	Account used to receive wages (% age 15+)	GFDD.AI.11	52.4985
Slovak Republic	SVK	Depositing/withdrawing at least once in a typical month (% age 15+)	GFDD.AI.26	77.85777
Slovak Republic	SVK	Account used to receive government payments (% age 15+)	GFDD.AI.09	10.80894
Slovak Republic	SVK	Account used to receive remittances (% age 15+)	GFDD.AI.10	4.053839
Slovak Republic	SVK	Account used to receive wages (% age 15+)	GFDD.AI.11	55.18002
Slovenia	SVN	Depositing/withdrawing at least once in a typical month (% age 15+)	GFDD.AI.26	95.30408
Slovenia	SVN	Account used to receive government payments (% age 15+)	GFDD.AI.09	38.73553
Slovenia	SVN	Account used to receive remittances (% age 15+)	GFDD.AI.10	8.968749
Slovenia	SVN	Account used to receive wages (% age 15+)	GFDD.AI.11	41.8741
Solomon Islands	SLB	Depositing/withdrawing at least once in a typical month (% age 15+)	GFDD.AI.26	..
Solomon Islands	SLB	Account used to receive government payments (% age 15+)	GFDD.AI.09	..
Solomon Islands	SLB	Account used to receive remittances (% age 15+)	GFDD.AI.10	..
Solomon Islands	SLB	Account used to receive wages (% age 15+)	GFDD.AI.11	..
Somalia	SOM	Depositing/withdrawing at least once in a typical month (% age 15+)	GFDD.AI.26	30.88585
Somalia	SOM	Account used to receive government payments (% age 15+)	GFDD.AI.09	5.036997
Somalia	SOM	Account used to receive remittances (% age 15+)	GFDD.AI.10	20.49551
Somalia	SOM	Account used to receive wages (% age 15+)	GFDD.AI.11	15.83533
South Africa	ZAF	Depositing/withdrawing at least once in a typical month (% age 15+)	GFDD.AI.26	52.48387
South Africa	ZAF	Account used to receive government payments (% age 15+)	GFDD.AI.09	20.07213
South Africa	ZAF	Account used to receive remittances (% age 15+)	GFDD.AI.10	18.27905
South Africa	ZAF	Account used to receive wages (% age 15+)	GFDD.AI.11	23.29729
Spain	ESP	Depositing/withdrawing at least once in a typical month (% age 15+)	GFDD.AI.26	91.82308
Spain	ESP	Account used to receive government payments (% age 15+)	GFDD.AI.09	42.57434
Spain	ESP	Account used to receive remittances (% age 15+)	GFDD.AI.10	7.811581
Spain	ESP	Account used to receive wages (% age 15+)	GFDD.AI.11	53.97952
Sri Lanka	LKA	Depositing/withdrawing at least once in a typical month (% age 15+)	GFDD.AI.26	59.15177
Sri Lanka	LKA	Account used to receive government payments (% age 15+)	GFDD.AI.09	2.9493
Sri Lanka	LKA	Account used to receive remittances (% age 15+)	GFDD.AI.10	5.403456
Sri Lanka	LKA	Account used to receive wages (% age 15+)	GFDD.AI.11	7.444154
St. Kitts and Nevis	KNA	Depositing/withdrawing at least once in a typical month (% age 15+)	GFDD.AI.26	..
St. Kitts and Nevis	KNA	Account used to receive government payments (% age 15+)	GFDD.AI.09	..
St. Kitts and Nevis	KNA	Account used to receive remittances (% age 15+)	GFDD.AI.10	..
St. Kitts and Nevis	KNA	Account used to receive wages (% age 15+)	GFDD.AI.11	..
St. Lucia	LCA	Depositing/withdrawing at least once in a typical month (% age 15+)	GFDD.AI.26	..
St. Lucia	LCA	Account used to receive government payments (% age 15+)	GFDD.AI.09	..
St. Lucia	LCA	Account used to receive remittances (% age 15+)	GFDD.AI.10	..
St. Lucia	LCA	Account used to receive wages (% age 15+)	GFDD.AI.11	..
St. Vincent and the Grenadines	VCT	Depositing/withdrawing at least once in a typical month (% age 15+)	GFDD.AI.26	..
St. Vincent and the Grenadines	VCT	Account used to receive government payments (% age 15+)	GFDD.AI.09	..
St. Vincent and the Grenadines	VCT	Account used to receive remittances (% age 15+)	GFDD.AI.10	..
St. Vincent and the Grenadines	VCT	Account used to receive wages (% age 15+)	GFDD.AI.11	..
Sudan	SDN	Depositing/withdrawing at least once in a typical month (% age 15+)	GFDD.AI.26	6.317544
Sudan	SDN	Account used to receive government payments (% age 15+)	GFDD.AI.09	2.1588
Sudan	SDN	Account used to receive remittances (% age 15+)	GFDD.AI.10	2.275458
Sudan	SDN	Account used to receive wages (% age 15+)	GFDD.AI.11	2.943086
Suriname	SUR	Depositing/withdrawing at least once in a typical month (% age 15+)	GFDD.AI.26	..
Suriname	SUR	Account used to receive government payments (% age 15+)	GFDD.AI.09	..
Suriname	SUR	Account used to receive remittances (% age 15+)	GFDD.AI.10	..
Suriname	SUR	Account used to receive wages (% age 15+)	GFDD.AI.11	..
Swaziland	SWZ	Depositing/withdrawing at least once in a typical month (% age 15+)	GFDD.AI.26	28.24033
Swaziland	SWZ	Account used to receive government payments (% age 15+)	GFDD.AI.09	8.836617
Swaziland	SWZ	Account used to receive remittances (% age 15+)	GFDD.AI.10	15.52798
Swaziland	SWZ	Account used to receive wages (% age 15+)	GFDD.AI.11	13.62161
Sweden	SWE	Depositing/withdrawing at least once in a typical month (% age 15+)	GFDD.AI.26	98.90815
Sweden	SWE	Account used to receive government payments (% age 15+)	GFDD.AI.09	62.09393
Sweden	SWE	Account used to receive remittances (% age 15+)	GFDD.AI.10	28.85932
Sweden	SWE	Account used to receive wages (% age 15+)	GFDD.AI.11	65.94886
Switzerland	CHE	Depositing/withdrawing at least once in a typical month (% age 15+)	GFDD.AI.26	..
Switzerland	CHE	Account used to receive government payments (% age 15+)	GFDD.AI.09	..
Switzerland	CHE	Account used to receive remittances (% age 15+)	GFDD.AI.10	..
Switzerland	CHE	Account used to receive wages (% age 15+)	GFDD.AI.11	..
Syrian Arab Republic	SYR	Depositing/withdrawing at least once in a typical month (% age 15+)	GFDD.AI.26	23.21442
Syrian Arab Republic	SYR	Account used to receive government payments (% age 15+)	GFDD.AI.09	0.2161766
Syrian Arab Republic	SYR	Account used to receive remittances (% age 15+)	GFDD.AI.10	1.342208
Syrian Arab Republic	SYR	Account used to receive wages (% age 15+)	GFDD.AI.11	2.725903
Tajikistan	TJK	Depositing/withdrawing at least once in a typical month (% age 15+)	GFDD.AI.26	2.374902
Tajikistan	TJK	Account used to receive government payments (% age 15+)	GFDD.AI.09	0.9538116
Tajikistan	TJK	Account used to receive remittances (% age 15+)	GFDD.AI.10	0.6362867
Tajikistan	TJK	Account used to receive wages (% age 15+)	GFDD.AI.11	1.708609
Tanzania	TZA	Depositing/withdrawing at least once in a typical month (% age 15+)	GFDD.AI.26	15.99451
Tanzania	TZA	Account used to receive government payments (% age 15+)	GFDD.AI.09	4.850574
Tanzania	TZA	Account used to receive remittances (% age 15+)	GFDD.AI.10	7.454096
Tanzania	TZA	Account used to receive wages (% age 15+)	GFDD.AI.11	7.08671
Thailand	THA	Depositing/withdrawing at least once in a typical month (% age 15+)	GFDD.AI.26	68.54773
Thailand	THA	Account used to receive government payments (% age 15+)	GFDD.AI.09	9.115993
Thailand	THA	Account used to receive remittances (% age 15+)	GFDD.AI.10	17.24133
Thailand	THA	Account used to receive wages (% age 15+)	GFDD.AI.11	33.50432
Timor-Leste	TMP	Depositing/withdrawing at least once in a typical month (% age 15+)	GFDD.AI.26	..
Timor-Leste	TMP	Account used to receive government payments (% age 15+)	GFDD.AI.09	..
Timor-Leste	TMP	Account used to receive remittances (% age 15+)	GFDD.AI.10	..
Timor-Leste	TMP	Account used to receive wages (% age 15+)	GFDD.AI.11	..
Togo	TGO	Depositing/withdrawing at least once in a typical month (% age 15+)	GFDD.AI.26	9.563854
Togo	TGO	Account used to receive government payments (% age 15+)	GFDD.AI.09	1.931819
Togo	TGO	Account used to receive remittances (% age 15+)	GFDD.AI.10	1.319306
Togo	TGO	Account used to receive wages (% age 15+)	GFDD.AI.11	2.809281
Tonga	TON	Depositing/withdrawing at least once in a typical month (% age 15+)	GFDD.AI.26	..
Tonga	TON	Account used to receive government payments (% age 15+)	GFDD.AI.09	..
Tonga	TON	Account used to receive remittances (% age 15+)	GFDD.AI.10	..
Tonga	TON	Account used to receive wages (% age 15+)	GFDD.AI.11	..
Trinidad and Tobago	TTO	Depositing/withdrawing at least once in a typical month (% age 15+)	GFDD.AI.26	73.28994
Trinidad and Tobago	TTO	Account used to receive government payments (% age 15+)	GFDD.AI.09	18.57253
Trinidad and Tobago	TTO	Account used to receive remittances (% age 15+)	GFDD.AI.10	4.598512
Trinidad and Tobago	TTO	Account used to receive wages (% age 15+)	GFDD.AI.11	31.86677
Tunisia	TUN	Depositing/withdrawing at least once in a typical month (% age 15+)	GFDD.AI.26	30.66292
Tunisia	TUN	Account used to receive government payments (% age 15+)	GFDD.AI.09	5.989709
Tunisia	TUN	Account used to receive remittances (% age 15+)	GFDD.AI.10	3.267398
Tunisia	TUN	Account used to receive wages (% age 15+)	GFDD.AI.11	5.571306
Turkey	TUR	Depositing/withdrawing at least once in a typical month (% age 15+)	GFDD.AI.26	57.14441
Turkey	TUR	Account used to receive government payments (% age 15+)	GFDD.AI.09	18.23461
Turkey	TUR	Account used to receive remittances (% age 15+)	GFDD.AI.10	15.6218
Turkey	TUR	Account used to receive wages (% age 15+)	GFDD.AI.11	32.22538
Turkmenistan	TKM	Depositing/withdrawing at least once in a typical month (% age 15+)	GFDD.AI.26	0.3299857
Turkmenistan	TKM	Account used to receive government payments (% age 15+)	GFDD.AI.09	0
Turkmenistan	TKM	Account used to receive remittances (% age 15+)	GFDD.AI.10	0
Turkmenistan	TKM	Account used to receive wages (% age 15+)	GFDD.AI.11	0.3299857
Tuvalu	TUV	Depositing/withdrawing at least once in a typical month (% age 15+)	GFDD.AI.26	..
Tuvalu	TUV	Account used to receive government payments (% age 15+)	GFDD.AI.09	..
Tuvalu	TUV	Account used to receive remittances (% age 15+)	GFDD.AI.10	..
Tuvalu	TUV	Account used to receive wages (% age 15+)	GFDD.AI.11	..
Uganda	UGA	Depositing/withdrawing at least once in a typical month (% age 15+)	GFDD.AI.26	20.07327
Uganda	UGA	Account used to receive government payments (% age 15+)	GFDD.AI.09	3.210403
Uganda	UGA	Account used to receive remittances (% age 15+)	GFDD.AI.10	3.299867
Uganda	UGA	Account used to receive wages (% age 15+)	GFDD.AI.11	9.171494
Ukraine	UKR	Depositing/withdrawing at least once in a typical month (% age 15+)	GFDD.AI.26	40.36163
Ukraine	UKR	Account used to receive government payments (% age 15+)	GFDD.AI.09	8.050278
Ukraine	UKR	Account used to receive remittances (% age 15+)	GFDD.AI.10	2.568973
Ukraine	UKR	Account used to receive wages (% age 15+)	GFDD.AI.11	28.53761
United Arab Emirates	ARE	Depositing/withdrawing at least once in a typical month (% age 15+)	GFDD.AI.26	59.6244
United Arab Emirates	ARE	Account used to receive government payments (% age 15+)	GFDD.AI.09	23.39791
United Arab Emirates	ARE	Account used to receive remittances (% age 15+)	GFDD.AI.10	5.849054
United Arab Emirates	ARE	Account used to receive wages (% age 15+)	GFDD.AI.11	29.12168
United Kingdom	GBR	Depositing/withdrawing at least once in a typical month (% age 15+)	GFDD.AI.26	96.89824
United Kingdom	GBR	Account used to receive government payments (% age 15+)	GFDD.AI.09	51.62428
United Kingdom	GBR	Account used to receive remittances (% age 15+)	GFDD.AI.10	21.19223
United Kingdom	GBR	Account used to receive wages (% age 15+)	GFDD.AI.11	54.49765
United States	USA	Depositing/withdrawing at least once in a typical month (% age 15+)	GFDD.AI.26	86.87072
United States	USA	Account used to receive government payments (% age 15+)	GFDD.AI.09	44.2828
United States	USA	Account used to receive remittances (% age 15+)	GFDD.AI.10	12.24932
United States	USA	Account used to receive wages (% age 15+)	GFDD.AI.11	50.83894
Uruguay	URY	Depositing/withdrawing at least once in a typical month (% age 15+)	GFDD.AI.26	21.13392
Uruguay	URY	Account used to receive government payments (% age 15+)	GFDD.AI.09	5.721665
Uruguay	URY	Account used to receive remittances (% age 15+)	GFDD.AI.10	1.214124
Uruguay	URY	Account used to receive wages (% age 15+)	GFDD.AI.11	12.49112
Uzbekistan	UZB	Depositing/withdrawing at least once in a typical month (% age 15+)	GFDD.AI.26	22.11296
Uzbekistan	UZB	Account used to receive government payments (% age 15+)	GFDD.AI.09	4.978329
Uzbekistan	UZB	Account used to receive remittances (% age 15+)	GFDD.AI.10	0.1764583
Uzbekistan	UZB	Account used to receive wages (% age 15+)	GFDD.AI.11	19.68436
Vanuatu	VUT	Depositing/withdrawing at least once in a typical month (% age 15+)	GFDD.AI.26	..
Vanuatu	VUT	Account used to receive government payments (% age 15+)	GFDD.AI.09	..
Vanuatu	VUT	Account used to receive remittances (% age 15+)	GFDD.AI.10	..
Vanuatu	VUT	Account used to receive wages (% age 15+)	GFDD.AI.11	..
"Venezuela, RB"	VEN	Depositing/withdrawing at least once in a typical month (% age 15+)	GFDD.AI.26	43.53067
"Venezuela, RB"	VEN	Account used to receive government payments (% age 15+)	GFDD.AI.09	8.407152
"Venezuela, RB"	VEN	Account used to receive remittances (% age 15+)	GFDD.AI.10	3.251673
"Venezuela, RB"	VEN	Account used to receive wages (% age 15+)	GFDD.AI.11	28.71098
Vietnam	VNM	Depositing/withdrawing at least once in a typical month (% age 15+)	GFDD.AI.26	19.2021
Vietnam	VNM	Account used to receive government payments (% age 15+)	GFDD.AI.09	2.159568
Vietnam	VNM	Account used to receive remittances (% age 15+)	GFDD.AI.10	2.217178
Vietnam	VNM	Account used to receive wages (% age 15+)	GFDD.AI.11	5.798614
West Bank and Gaza	WBG	Depositing/withdrawing at least once in a typical month (% age 15+)	GFDD.AI.26	19.2895
West Bank and Gaza	WBG	Account used to receive government payments (% age 15+)	GFDD.AI.09	6.404445
West Bank and Gaza	WBG	Account used to receive remittances (% age 15+)	GFDD.AI.10	2.494308
West Bank and Gaza	WBG	Account used to receive wages (% age 15+)	GFDD.AI.11	7.052957
"Yemen, Rep."	YEM	Depositing/withdrawing at least once in a typical month (% age 15+)	GFDD.AI.26	3.659954
"Yemen, Rep."	YEM	Account used to receive government payments (% age 15+)	GFDD.AI.09	1.696483
"Yemen, Rep."	YEM	Account used to receive remittances (% age 15+)	GFDD.AI.10	0.7816759
"Yemen, Rep."	YEM	Account used to receive wages (% age 15+)	GFDD.AI.11	0.8763401
Zambia	ZMB	Depositing/withdrawing at least once in a typical month (% age 15+)	GFDD.AI.26	20.59079
Zambia	ZMB	Account used to receive government payments (% age 15+)	GFDD.AI.09	5.550598
Zambia	ZMB	Account used to receive remittances (% age 15+)	GFDD.AI.10	6.6684
Zambia	ZMB	Account used to receive wages (% age 15+)	GFDD.AI.11	7.245623
Zimbabwe	ZWE	Depositing/withdrawing at least once in a typical month (% age 15+)	GFDD.AI.26	38.60403
Zimbabwe	ZWE	Account used to receive government payments (% age 15+)	GFDD.AI.09	10.29918
Zimbabwe	ZWE	Account used to receive remittances (% age 15+)	GFDD.AI.10	21.81884
Zimbabwe	ZWE	Account used to receive wages (% age 15+)	GFDD.AI.11	21.85957
				
				
				
Data from database: Global Financial Development				
Last Updated: 11/12/2013				
