Origin,Afghanistan,Albania,Algeria,American Samoa,Andorra,Angola,Antigua and Barbuda,Argentina,Armenia,Aruba,Australia,Austria,Azerbaijan,"Bahamas, The",Bahrain,Bangladesh,Barbados,Belarus,Belgium,Belize,Benin,Bermuda,Bhutan,Bolivia,Bosnia and Herzegovina,Botswana,Brazil,Brunei Darussalam,Bulgaria,Burkina Faso,Burundi,Cambodia,Cameroon,Canada,Cape Verde,Cayman Islands,Central African Republic,Chad,Channel Islands,Chile,China,Colombia,Comoros,"Congo, Dem. Rep.","Congo, Rep.",Costa Rica,Côte d'Ivoire,Croatia,Cuba,Curaçao,Cyprus,Czech Republic,Denmark,Djibouti,Dominica,Dominican Republic,Ecuador,"Egypt, Arab Rep.",El Salvador,Equatorial Guinea,Eritrea,Estonia,Ethiopia,Faeroe Islands,Fiji,Finland,France,French Polynesia,Gabon,"Gambia, The",Georgia,Germany,Ghana,Greece,Greenland,Grenada,Guam,Guatemala,Guinea,Guinea-Bissau,Guyana,Haiti,Honduras,"Hong Kong SAR, China",Hungary,Iceland,India,Indonesia,"Iran, Islamic Rep.",Iraq,Ireland,Isle of Man,Israel,Italy,Jamaica,Japan,Jordan,Kazakhstan,Kenya,Kiribati,"Korea, Dem. Rep.","Korea, Rep.",Kosovo,Kuwait,Kyrgyz Republic,Lao PDR,Latvia,Lebanon,Lesotho,Liberia,Libya,Liechtenstein,Lithuania,Luxembourg,"Macao SAR, China","Macedonia, FYR",Madagascar,Malawi,Malaysia,Maldives,Mali,Malta,Marshall Islands,Mauritania,Mauritius,Mexico,"Micronesia, Fed. Sts.",Moldova,Monaco,Mongolia,Montenegro,Morocco,Mozambique,Myanmar,Namibia,Nepal,Netherlands,New Caledonia,New Zealand,Nicaragua,Niger,Nigeria,Northern Mariana Islands,Norway,Oman,Pakistan,Palau,Panama,Papua New Guinea,Paraguay,Peru,Philippines,Poland,Portugal,Puerto Rico,Qatar,Romania,Russian Federation,Rwanda,Samoa,San Marino,São Tomé and Principe,Saudi Arabia,Senegal,Serbia,Seychelles,Sierra Leone,Singapore,Sint Maarten (Dutch part),Slovak Republic,Slovenia,Solomon Islands,Somalia,South Africa,Spain,Sri Lanka,St. Kitts and Nevis,St. Lucia,St. Martin (French part),St. Vincent and the Grenadines,Sudan,Suriname,Swaziland,Sweden,Switzerland,Syrian Arab Republic,Tajikistan,Tanzania,Thailand,Timor-Leste,Togo,Tonga,Trinidad and Tobago,Tunisia,Turkey,Turkmenistan,Turks and Caicos Islands,Tuvalu,Uganda,Ukraine,United Arab Emirates,United Kingdom,United States,Uruguay,Uzbekistan,Vanuatu,"Venezuela, RB",Vietnam,Virgin Islands (U.S.),West Bank and Gaza,"Yemen, Rep.",Zambia,Zimbabwe,Total
Afghanistan,0,0,0,,,0,0,0,0,,0,0,0,,,0,0,0,0,0,0,,0,0,0,0,0,,0,0,0,0,0,,0,,,,,0,0,0,,,,0,0,0,,,0,0,0,0,0,0,0,0,0,,,0,0,,0,0,0,,,0,0,0,0,0,,0,,0,0,0,0,0,0,0,0,0,0,0,0,0,0,,0,0,0,0,0,0,0,,,0,,,0,0,0,0,0,0,,,0,0,0,0,,0,0,0,0,0,,,0,0,,0,,0,0,0,0,,0,0,0,,0,0,0,0,,0,0,0,,0,0,0,0,0,0,0,,,0,0,0,0,,0,0,0,0,0,0,,,0,0,0,,0,0,0,0,0,,0,0,0,0,0,0,0,0,0,0,,0,0,0,0,0,,,,0,0,,0,0,0,,0,0,0,,,0,0,,0
Albania,0,0,0,,,0,0,0,0,,0,0,0,,,0,0,0,0,0,0,,0,0,0,0,0,,0,0,0,0,0,,0,,,,,0,0,0,,,,0,0,0,,,0,5,0,0,0,0,0,0,0,,,0,0,,0,0,0,,,0,0,0,0,76,,0,,0,0,0,0,0,0,0,0,0,0,0,0,0,0,,0,0,0,0,0,0,0,,,0,,,0,0,0,0,0,0,,,0,0,0,5,,0,0,0,0,0,,,0,0,,0,,0,0,0,0,,0,0,0,,0,0,0,0,,0,0,0,,0,0,0,0,0,0,0,,,0,0,0,0,,0,0,0,0,0,0,,,0,0,0,,0,0,0,0,0,,0,0,0,0,0,0,0,0,0,0,,0,0,0,0,0,,,,0,0,,0,0,0,,0,0,0,,,0,0,,87
Algeria,0,0,0,,,0,0,0,0,,0,0,0,,,0,0,0,0,0,0,,0,0,0,0,0,,0,0,0,0,0,,0,,,,,0,0,0,,,,0,0,0,,,0,0,0,0,0,0,0,0,0,,,0,0,,0,0,0,,,0,0,0,0,0,,0,,0,0,0,0,0,0,0,0,0,0,0,0,0,0,,0,0,0,0,0,0,0,,,0,,,0,0,0,0,0,0,,,0,0,0,0,,0,0,0,0,0,,,0,0,,0,,0,0,0,0,,0,0,0,,0,0,0,0,,0,0,0,,0,0,0,0,0,0,0,,,0,0,0,0,,0,0,0,0,0,0,,,0,0,0,,0,0,0,0,0,,0,0,0,0,0,0,0,0,0,0,,0,0,0,0,0,,,,0,0,,0,0,0,,0,0,0,,,0,0,,0
American Samoa,0,0,0,,,0,0,0,0,,0,0,0,,,0,0,0,0,0,0,,0,0,0,0,0,,0,0,0,0,0,,0,,,,,0,1,0,,,,0,0,0,,,0,0,0,0,0,0,0,0,0,,,0,0,,0,0,0,,,0,0,0,0,0,,0,,0,0,0,0,0,0,0,0,0,0,0,0,0,0,,0,0,0,0,0,0,0,,,1,,,0,0,0,0,0,0,,,0,0,0,0,,0,0,0,0,0,,,0,0,,0,,0,0,0,0,,0,0,0,,0,0,0,0,,0,0,0,,0,0,0,0,3,0,0,,,0,0,0,16,,0,0,0,0,0,0,,,0,0,0,,0,0,0,0,0,,0,0,0,0,0,0,0,0,0,0,,0,1,0,0,0,,,,0,0,,0,9,0,,0,0,1,,,0,0,,32
Andorra,0,0,0,,,0,0,0,0,,0,0,0,,,0,0,0,8,0,0,,0,0,0,0,0,,0,0,0,0,0,,0,,,,,0,0,0,,,,0,0,0,,,0,0,0,0,0,0,0,0,0,,,0,0,,0,0,64,,,0,0,2,0,0,,0,,0,0,0,0,0,0,0,0,0,1,0,0,0,0,,0,0,0,0,0,0,0,,,0,,,0,0,0,0,0,0,,,0,0,0,0,,0,0,0,0,0,,,0,0,,0,,0,0,1,0,,0,0,1,,0,0,0,0,,0,0,0,,0,0,0,0,1,0,15,,,0,0,0,0,,0,0,0,0,0,0,,,0,0,0,,0,289,0,0,0,,0,0,0,0,0,1,0,0,0,0,,0,0,0,0,0,,,,0,0,,2,0,0,,0,0,0,,,0,0,,386
Angola,0,0,0,,,0,0,0,0,,0,0,0,,,0,0,0,0,0,0,,0,0,0,0,0,,0,0,0,0,0,,9,,,,,0,0,0,,,,0,0,0,,,0,0,0,0,0,0,0,0,0,,,0,0,,0,0,0,,,0,0,0,0,0,,0,,0,0,0,0,0,0,0,0,0,0,0,0,0,0,,0,0,0,0,0,0,0,,,0,,,0,0,0,0,0,0,,,0,0,0,0,,0,0,0,0,0,,,0,0,,0,,0,0,0,0,,0,0,0,,0,0,0,0,,0,0,0,,0,0,0,0,0,0,32,,,0,0,0,0,,2,0,0,0,0,0,,,0,0,0,,0,0,0,0,0,,0,0,0,0,0,0,0,0,0,0,,0,0,0,0,0,,,,0,0,,0,0,0,,0,0,0,,,0,0,,43
Antigua and Barbuda,0,0,0,,,0,0,0,0,,0,0,0,,,0,0,0,0,0,0,,0,0,0,0,0,,0,0,0,0,0,,0,,,,,0,0,0,,,,0,0,0,,,0,0,0,0,1,4,0,0,0,,,0,0,,0,0,1,,,0,0,0,0,0,,0,,0,0,0,3,0,0,0,0,0,0,0,0,0,0,,0,0,5,0,0,0,0,,,0,,,0,0,0,0,0,0,,,0,0,0,0,,0,0,0,0,0,,,0,0,,0,,0,0,0,0,,0,0,0,,0,0,0,1,,0,0,0,,0,0,0,0,0,0,0,,,0,0,0,0,,0,0,0,0,0,0,,,0,0,0,,0,0,0,1,0,,1,0,0,0,0,0,0,0,0,0,,0,0,0,0,0,,,,0,0,,1,4,0,,0,0,0,,,0,0,,24
Argentina,0,0,0,,,0,0,0,0,,0,0,0,,,0,0,0,0,0,0,,0,310,1,0,105,,0,0,0,0,0,,0,,,,,1,25,0,,,,0,0,1,,,0,0,0,0,0,0,0,0,0,,,0,0,,0,0,69,,,0,0,41,0,0,,0,,0,0,0,0,0,0,0,0,0,0,0,0,0,0,,0,404,0,13,0,0,0,,,37,,,0,0,0,16,0,0,,,0,0,0,0,,0,0,0,0,0,,,0,0,,0,,0,0,0,0,,0,0,0,,0,0,0,0,,0,0,0,,0,0,524,187,0,29,0,,,0,1,0,0,,0,0,0,0,0,0,,,0,1,0,,0,"1,051",0,0,0,,0,0,0,0,0,0,5,0,0,0,,0,0,0,0,0,,,,0,1,,0,0,31,,0,0,0,,,0,0,,"2,854"
Armenia,0,0,0,,,0,0,0,0,,0,0,201,,,0,0,0,0,0,0,,0,0,0,0,0,,0,0,0,0,0,,0,,,,,0,0,0,,,,0,0,0,,,0,0,0,0,0,0,0,0,0,,,0,0,,0,0,0,,,0,67,5,0,3,,0,,0,0,0,0,0,0,0,0,0,0,0,15,0,0,,0,0,0,0,0,0,0,,,0,,,0,0,0,22,0,0,,,0,0,0,0,,0,0,0,0,0,,,0,0,,0,,0,0,0,0,,0,0,0,,0,0,0,0,,0,0,0,,0,0,0,0,0,0,0,,,0,17,0,0,,0,0,0,0,0,0,,,0,0,0,,0,0,0,0,0,,0,0,0,0,0,0,11,0,0,0,,0,0,0,0,1,,,,0,4,,0,0,0,,0,0,0,,,0,0,,346
Aruba,0,0,0,,,0,0,0,0,,0,0,0,,,0,0,0,0,0,0,,0,0,0,0,0,,0,0,0,0,0,,0,,,,,0,0,20,,,,0,0,0,,,0,0,0,0,0,12,0,0,0,,,0,0,,0,0,0,,,0,0,0,0,0,,0,,0,0,0,0,0,0,0,0,0,0,0,0,0,0,,0,0,0,0,0,0,0,,,0,,,0,0,0,0,0,0,,,0,0,0,0,,0,0,0,0,0,,,0,0,,0,,0,0,0,0,,0,0,0,,0,0,0,0,,0,0,0,,0,0,0,0,0,0,0,,,0,0,0,0,,0,0,0,0,0,0,,,0,0,0,,0,0,0,0,0,,0,0,0,0,0,0,0,0,0,0,,0,0,0,0,0,,,,0,0,,0,3,0,,0,1,0,,,0,0,,36
Australia,7,2,2,,,0,0,11,2,,0,115,0,,,73,0,1,154,0,0,,0,1,55,1,38,,5,0,1,22,0,,0,,,,,0,"2,146",16,,,,2,0,135,,,20,75,56,0,0,0,4,179,31,,,6,8,,53,27,288,,,0,1,552,1,138,,0,,2,0,0,1,0,1,45,131,0,"1,261",216,29,12,65,,18,476,2,140,28,0,32,,,360,,,1,4,17,"1,094",0,5,,,17,6,3,58,,0,92,1,0,18,,,41,5,,2,,3,0,4,0,,1,41,187,,683,1,0,88,,20,3,67,,1,7,1,21,813,156,33,,,25,11,0,24,,0,8,1,0,7,2,,,20,27,1,,193,133,229,0,0,,0,17,0,0,25,118,23,1,1,208,,0,15,0,2,10,,,,6,19,,"2,087",183,3,,8,1,758,,,1,2,,"14,712"
Austria,0,2,1,,,0,0,1,1,,8,0,0,,,7,0,0,48,0,0,,0,0,229,0,13,,12,0,0,1,0,,0,,,,,0,66,0,,,,0,0,96,,,0,254,7,0,0,0,0,53,0,,,1,0,,0,5,87,,,0,1,852,0,4,,0,,0,0,0,0,0,0,0,207,0,66,4,15,1,1,,4,63,0,8,3,0,0,,,9,,,0,0,1,17,0,0,,,2,20,0,20,,0,0,0,0,0,,,0,2,,1,,0,0,3,0,,0,0,13,,0,0,0,104,,4,0,9,,0,0,0,3,64,188,2,,,83,5,0,0,,0,0,0,"2,194",0,0,,,84,59,0,,4,23,0,0,0,,0,0,0,0,10,124,6,0,0,18,,0,0,0,9,41,,,,0,5,,15,22,0,,0,0,12,,,0,0,,"5,303"
Azerbaijan,0,0,0,,,0,0,0,56,,0,0,0,,,0,0,0,0,0,0,,0,0,0,0,0,,0,0,0,0,0,,0,,,,,0,0,0,,,,0,0,0,,,0,0,0,0,0,0,0,0,0,,,0,0,,0,0,0,,,0,5,0,0,0,,0,,0,0,0,0,0,0,0,0,0,0,0,0,0,0,,0,0,0,0,0,0,0,,,0,,,0,0,0,0,0,0,,,0,0,0,0,,0,0,0,0,0,,,0,0,,0,,0,0,0,0,,0,0,0,,0,0,0,0,,0,0,0,,0,0,0,0,0,0,0,,,0,25,0,0,,0,0,0,0,0,0,,,0,0,0,,0,0,0,0,0,,0,0,0,0,0,0,0,0,0,0,,0,0,0,0,0,,,,0,9,,0,0,0,,0,0,0,,,0,0,,95
"Bahamas, The",0,0,0,,,0,0,0,0,,0,0,0,,,0,0,0,0,0,0,,0,0,0,0,0,,0,0,0,0,0,,0,,,,,0,1,0,,,,0,0,0,,,0,0,0,0,0,0,0,0,0,,,0,0,,0,0,1,,,0,0,1,0,0,,0,,0,0,0,0,28,0,0,0,0,1,0,0,0,0,,0,0,7,0,0,0,0,,,0,,,0,0,0,0,0,0,,,0,0,0,0,,0,0,0,0,0,,,0,0,,0,,0,0,0,0,,0,0,0,,0,0,0,2,,0,0,0,,0,0,0,0,1,0,0,,,0,0,0,0,,0,0,0,0,0,0,,,0,0,0,,0,0,0,0,0,,0,0,0,0,0,1,0,0,0,0,,0,0,0,0,0,,,,0,0,,3,9,0,,0,0,0,,,0,0,,58
Bahrain,0,0,3,,,0,0,0,0,,0,0,0,,,0,0,0,0,0,0,,0,0,0,0,0,,0,0,0,0,0,,0,,,,,0,0,0,,,,0,0,0,,,0,0,0,0,0,0,0,131,0,,,0,0,,0,0,0,,,0,0,0,0,0,,0,,0,0,0,0,0,0,0,0,0,690,0,31,0,0,,0,0,0,0,2,0,0,,,0,,,0,0,0,3,0,0,,,0,0,0,0,,0,0,0,0,0,,,0,0,,0,,0,0,5,0,,0,0,0,,0,0,0,0,,0,2,141,,0,0,0,0,130,0,0,,,0,0,0,0,,0,9,0,0,0,0,,,0,0,0,,0,0,0,0,0,,0,1,0,0,0,0,3,0,0,0,,0,0,0,2,0,,,,0,0,,0,0,0,,0,0,0,,,2,0,,"1,155"
Bangladesh,0,0,0,,,0,0,0,0,,0,0,0,,,0,0,0,0,0,0,,0,0,0,0,0,,0,0,0,0,0,,0,,,,,0,0,0,,,,0,0,0,,,0,0,0,0,0,0,0,0,0,,,0,0,,0,0,0,,,0,0,0,0,0,,0,,0,0,0,0,0,0,0,0,0,"3,709",0,0,0,0,,0,0,0,0,0,0,0,,,0,,,0,0,0,0,0,0,,,0,0,0,0,,0,0,0,0,0,,,0,0,,0,,0,0,0,0,,0,0,0,,0,0,0,0,,0,0,35,,0,0,0,0,0,0,0,,,0,0,0,0,,0,0,0,0,0,0,,,0,0,0,,0,0,0,0,0,,0,0,0,0,0,0,0,0,0,0,,0,0,0,0,0,,,,0,0,,0,0,0,,0,0,0,,,0,0,,"3,744"
Barbados,0,0,0,,,0,0,0,0,,0,0,0,,,0,0,0,0,0,0,,0,0,0,0,0,,0,0,0,0,0,,0,,,,,0,0,0,,,,0,0,0,,,0,0,0,0,0,0,0,0,0,,,0,0,,0,0,0,,,0,0,0,0,0,,1,,0,0,0,2,0,0,0,0,0,3,0,0,0,0,,0,0,1,0,0,0,0,,,0,,,0,0,0,0,0,0,,,0,0,0,0,,0,0,0,0,0,,,0,0,,0,,0,0,0,0,,0,0,0,,0,0,0,0,,0,0,0,,0,0,0,0,0,0,0,,,0,0,0,0,,0,0,0,0,0,0,,,0,0,0,,0,0,0,0,3,,4,0,0,0,0,0,0,0,0,0,,0,0,1,0,0,,,,0,0,,7,3,0,,0,0,0,,,0,0,,24
Belarus,0,0,0,,,0,0,0,9,,0,0,5,,,0,0,0,0,0,0,,0,0,0,0,0,,0,0,0,0,0,,0,,,,,0,0,0,,,,0,0,0,,,0,0,0,0,0,0,0,0,0,,,0,0,,0,0,0,,,0,2,12,0,0,,0,,0,0,0,0,0,0,0,0,0,0,0,0,0,0,,0,0,0,0,0,0,0,,,0,,,0,0,3,0,0,0,,,17,0,0,0,,0,0,0,0,0,,,0,0,,5,,0,0,0,0,,0,0,0,,0,0,0,0,,0,0,0,,0,0,0,0,0,535,0,,,0,346,0,0,,0,0,0,0,0,0,,,0,0,0,,0,0,0,0,0,,0,0,0,0,0,0,0,0,0,0,,0,0,0,0,0,,,,0,137,,0,0,0,,0,0,0,,,0,0,,"1,070"
Belgium,0,2,35,,,0,0,1,2,,5,22,0,,,4,0,0,0,0,0,,0,2,0,0,20,,4,0,2,1,2,,1,,,,,0,113,8,,,,1,1,0,,,0,16,19,0,0,5,4,11,1,,,3,2,,0,10,"1,962",,,0,1,372,1,15,,0,,4,0,0,0,3,1,1,39,0,89,12,5,0,4,,7,262,1,15,4,0,2,,,27,,,0,0,5,51,0,1,,,10,380,0,0,,0,0,0,0,0,,,6,3,,1,,0,0,431,0,,0,2,250,,1,0,0,53,,7,0,25,,0,0,1,6,44,105,46,,,31,18,18,0,,0,0,7,0,0,0,,,4,0,0,,5,319,2,0,0,,0,0,0,0,13,46,8,0,0,25,,3,0,0,36,24,,,,1,2,,44,35,0,,0,0,32,,,0,0,,"5,235"
Belize,0,0,0,,,0,0,0,0,,0,0,0,,,0,0,0,0,0,0,,0,0,0,0,0,,0,0,0,0,0,,0,,,,,0,7,0,,,,0,0,0,,,0,0,0,0,0,0,0,0,17,,,0,0,,0,0,0,,,0,0,0,0,0,,0,,69,0,0,0,0,22,0,0,0,1,0,0,0,0,,0,0,1,0,0,0,0,,,0,,,0,0,0,0,0,0,,,0,0,0,0,,0,0,0,0,0,,,0,6,,0,,0,0,0,0,,0,0,0,,0,0,0,1,,0,0,0,,0,0,0,0,0,0,0,,,0,0,0,0,,0,0,0,0,0,0,,,0,0,0,,0,0,0,0,0,,0,0,0,0,0,0,0,0,0,0,,0,0,0,0,0,,,,0,0,,1,5,0,,0,0,0,,,0,0,,132
Benin,0,0,0,,,0,0,0,0,,0,0,0,,,0,0,0,0,0,0,,0,0,0,0,0,,0,1,0,0,0,,0,,,,,0,0,0,,,,0,0,0,,,0,0,0,0,0,0,0,0,0,,,0,0,,0,0,21,,,0,0,0,0,0,,0,,0,0,0,0,0,0,0,0,0,0,0,0,0,0,,0,0,0,0,0,0,0,,,0,,,0,0,0,0,0,0,,,0,0,0,0,,0,0,0,0,0,,,0,0,,0,,0,0,0,0,,0,0,0,,0,0,25,582,,0,0,0,,0,0,0,0,0,0,0,,,0,0,0,0,,0,0,0,0,0,0,,,0,0,0,,0,0,0,0,0,,0,0,0,0,0,0,0,0,0,0,,33,0,0,0,0,,,,0,0,,0,0,0,,0,0,0,,,0,0,,661
Bermuda,0,0,0,,,0,0,0,0,,0,0,0,,,0,0,0,0,0,0,,0,0,0,0,0,,0,0,0,0,0,,0,,,,,0,0,0,,,,0,0,0,,,0,0,0,0,0,0,0,0,0,,,0,0,,0,0,0,,,0,0,0,0,0,,0,,0,0,0,0,0,0,0,0,0,0,0,0,0,0,,0,0,0,0,0,0,0,,,0,,,0,0,0,0,0,0,,,0,0,0,0,,0,0,0,0,0,,,0,0,,0,,0,0,0,0,,0,0,0,,0,0,0,0,,0,0,0,,0,0,0,0,0,0,3,,,0,0,0,0,,0,0,0,0,0,0,,,0,0,0,,0,0,0,0,0,,0,0,0,0,0,0,0,0,0,0,,0,0,0,0,0,,,,0,0,,9,9,0,,0,0,0,,,0,0,,21
Bhutan,0,0,0,,,0,0,0,0,,0,0,0,,,0,0,0,0,0,0,,0,0,0,0,0,,0,0,0,0,0,,0,,,,,0,4,0,,,,0,0,0,,,0,0,0,0,0,0,0,0,0,,,0,0,,0,0,0,,,0,0,0,0,0,,0,,0,0,0,0,0,0,0,0,0,145,0,0,0,0,,0,0,0,0,0,0,0,,,0,,,0,0,0,0,0,0,,,0,0,0,0,,0,0,0,0,0,,,0,0,,0,,0,0,0,0,,0,2,0,,0,0,0,0,,0,0,0,,0,0,0,0,0,0,0,,,0,0,0,0,,0,0,0,0,0,0,,,0,0,0,,0,0,0,0,0,,0,0,0,0,0,0,0,0,0,0,,0,0,0,0,0,,,,0,0,,0,0,0,,0,0,0,,,0,0,,152
Bolivia,0,0,0,,,0,0,31,0,,0,1,0,,,0,0,0,12,2,0,,0,0,0,0,73,,0,0,0,0,0,,0,,,,,0,5,4,,,,1,0,0,,,0,0,1,0,0,0,2,0,0,,,0,0,,0,0,8,,,0,0,9,0,0,,0,,1,0,0,0,0,1,0,0,0,1,0,0,0,0,,0,2,0,7,0,0,0,,,5,,,0,0,0,1,0,0,,,0,0,0,0,,0,0,0,0,0,,,0,27,,0,,0,0,0,0,,0,0,0,,0,0,0,0,,0,0,0,,0,0,8,30,0,1,0,,,0,0,0,0,,0,0,0,0,0,0,,,0,0,0,,0,20,0,0,0,,0,0,0,0,1,5,0,0,0,0,,0,0,0,0,0,,,,0,0,,1,12,0,,0,0,0,,,0,0,,275
Bosnia and Herzegovina,0,0,0,,,0,0,0,0,,0,0,0,,,0,0,0,0,0,0,,0,0,0,0,0,,0,0,0,0,0,,0,,,,,0,0,0,,,,0,0,16,,,0,0,0,0,0,0,0,0,0,,,0,0,,0,0,0,,,0,0,0,0,0,,0,,0,0,0,0,0,0,0,0,0,0,0,0,0,0,,0,0,0,0,0,0,0,,,0,,,0,0,0,0,0,0,,,0,0,0,0,,0,0,0,0,0,,,0,0,,0,,0,0,0,0,,0,0,0,,0,0,0,0,,0,0,0,,0,0,0,0,0,0,0,,,0,0,0,0,,0,0,0,0,0,0,,,0,0,0,,0,0,0,0,0,,0,0,0,0,0,0,0,0,0,0,,0,0,0,0,0,,,,0,0,,0,0,0,,0,0,0,,,0,0,,17
Botswana,0,0,0,,,0,0,0,0,,0,0,0,,,0,0,0,0,0,0,,0,0,0,0,0,,0,0,0,0,0,,0,,,,,0,0,0,,,,0,0,0,,,0,0,0,0,0,0,0,0,0,,,0,0,,0,0,0,,,0,0,0,0,0,,0,,0,0,0,0,0,0,0,0,0,0,0,0,0,0,,0,0,0,0,0,0,0,,,0,,,0,0,0,0,0,0,,,0,0,0,0,,0,0,0,0,0,,,0,0,,0,,0,0,0,0,,0,0,0,,0,0,0,0,,0,0,0,,0,0,0,0,0,0,0,,,0,0,0,0,,0,0,0,0,0,0,,,0,0,0,,0,0,0,0,0,,0,0,0,0,0,0,0,0,0,0,,0,0,0,0,0,,,,0,0,,0,0,0,,0,0,0,,,0,0,,0
Brazil,0,0,0,,,0,0,19,0,,2,17,0,,,0,0,0,34,0,0,,0,27,1,0,0,,0,0,0,0,0,,0,,,,,0,62,7,,,,1,0,1,,,0,4,2,0,0,0,2,12,1,,,0,0,,0,0,94,,,0,0,82,0,3,,0,,1,0,0,1,0,0,0,14,0,3,0,0,0,0,,3,109,0,209,0,0,0,,,29,,,0,0,0,164,0,0,,,0,0,0,0,,0,0,0,0,0,,,0,2,,0,,0,0,0,0,,0,0,7,,0,1,0,0,,1,0,0,,1,0,46,23,0,17,354,,,5,2,0,0,,0,0,0,0,0,0,,,1,1,0,,0,363,0,0,0,,0,0,0,0,2,24,6,1,0,0,,0,0,0,0,0,,,,0,1,,7,31,7,,0,1,0,,,0,0,,"1,809"
Brunei Darussalam,0,0,0,,,0,0,0,0,,2,0,0,,,5,0,0,0,0,0,,0,0,0,0,0,,0,0,0,0,0,,0,,,,,0,24,0,,,,0,0,0,,,0,0,0,0,0,0,0,0,0,,,0,0,,0,0,0,,,0,0,0,0,0,,0,,0,0,0,0,0,0,0,0,0,35,24,0,0,0,,0,0,0,1,0,0,0,,,1,,,0,0,0,0,0,0,,,0,0,0,0,,0,65,0,0,0,,,0,0,,0,,0,0,0,0,,0,52,1,,0,0,0,0,,0,0,3,,0,0,0,0,93,0,0,,,0,0,0,0,,0,0,0,0,0,0,,,0,0,0,,0,0,4,0,0,,0,0,0,0,0,0,0,0,0,73,,0,0,0,0,0,,,,0,0,,7,1,0,,0,0,0,,,0,0,,391
Bulgaria,0,0,0,,,0,0,0,0,,0,0,0,,,0,0,0,0,0,0,,0,0,0,0,0,,0,0,0,0,0,,0,,,,,0,0,0,,,,0,0,0,,,0,0,0,0,0,0,0,0,0,,,0,0,,0,0,0,,,0,0,0,0,0,,0,,0,0,0,0,0,0,0,0,0,0,0,0,0,0,,0,0,0,0,0,0,0,,,0,,,0,0,0,0,0,0,,,0,0,0,0,,0,0,0,0,0,,,0,0,,0,,0,0,0,0,,0,0,0,,0,0,0,0,,0,0,0,,0,0,0,0,0,0,0,,,0,0,0,0,,0,0,0,0,0,0,,,0,0,0,,0,0,0,0,0,,0,0,0,0,0,0,0,0,0,0,,0,0,0,0,23,,,,0,0,,0,0,0,,0,0,0,,,0,0,,23
Burkina Faso,0,0,0,,,0,0,0,0,,0,0,0,,,0,0,0,0,0,2,,0,0,0,0,0,,0,0,0,0,0,,0,,,,,0,0,0,,,,0,226,0,,,0,0,0,0,0,0,0,0,0,,,0,0,,0,0,0,,,0,0,0,5,0,,0,,0,0,0,0,0,0,0,0,0,0,0,0,0,0,,0,0,0,0,0,0,0,,,0,,,0,0,0,0,0,0,,,0,0,0,0,,0,0,0,24,0,,,0,0,,0,,0,0,0,0,,0,0,0,,0,0,6,0,,0,0,0,,0,0,0,0,0,0,0,,,0,0,0,0,,0,0,0,0,0,0,,,0,0,0,,0,0,0,0,0,,0,0,0,0,0,0,0,0,0,0,,15,0,0,0,0,,,,0,0,,0,0,0,,0,0,0,,,0,0,,277
Burundi,0,0,0,,,0,0,0,0,,0,0,0,,,0,0,0,0,0,0,,0,0,0,0,0,,0,0,0,0,0,,0,,,,,0,0,0,,,,0,0,0,,,0,0,0,0,0,0,0,0,0,,,0,0,,0,0,0,,,0,0,0,0,0,,0,,0,0,0,0,0,0,0,0,0,0,0,0,0,0,,0,0,0,0,0,0,0,,,0,,,0,0,0,0,0,0,,,0,0,0,0,,0,0,0,0,0,,,0,0,,0,,0,0,0,0,,0,0,0,,0,0,0,0,,0,0,0,,0,0,0,0,0,0,0,,,0,0,17,0,,0,0,0,0,0,0,,,0,0,0,,0,0,0,0,0,,0,0,0,0,0,0,0,0,1,0,,0,0,0,0,0,,,,0,0,,0,0,0,,0,0,0,,,0,0,,18
Cambodia,0,0,0,,,0,0,0,0,,2,0,0,,,0,0,0,0,0,0,,0,0,0,0,0,,0,0,0,0,0,,0,,,,,0,41,0,,,,0,0,0,,,0,0,0,0,0,0,0,0,0,,,0,0,,0,0,15,,,0,0,1,0,0,,0,,0,0,0,0,0,0,0,0,0,2,1,0,0,0,,0,0,0,2,0,0,0,,,1,,,0,0,0,0,0,0,,,0,0,0,0,,0,1,0,0,0,,,0,0,,0,,0,0,0,0,,0,0,0,,0,0,0,0,,0,0,0,,0,0,0,0,2,0,0,,,0,0,0,0,,0,0,0,0,0,0,,,0,0,0,,0,0,0,0,0,,0,0,0,0,0,0,0,0,0,579,,0,0,0,0,0,,,,0,0,,1,2,0,,0,0,373,,,0,0,,"1,025"
Cameroon,0,0,0,,,0,0,0,0,,0,0,0,,,0,0,0,0,0,0,,0,0,0,0,0,,0,0,0,0,0,,0,,,,,0,0,0,,,,0,0,0,,,0,0,0,0,0,0,0,0,0,,,0,0,,0,0,98,,,0,0,0,0,0,,0,,0,0,0,0,0,0,0,0,0,0,0,0,0,0,,0,0,0,0,0,0,0,,,0,,,0,0,0,0,0,0,,,0,0,0,0,,0,0,0,0,0,,,0,0,,0,,0,0,0,0,,0,0,0,,0,0,0,964,,0,0,0,,0,0,0,0,0,0,0,,,0,0,0,0,,0,0,0,0,0,0,,,0,0,0,,0,0,0,0,0,,0,0,0,0,0,0,0,0,0,0,,0,0,0,0,0,,,,0,0,,0,0,0,,0,0,0,,,0,0,,"1,062"
Canada,14,10,62,,,0,2,16,4,,76,127,4,,,141,14,4,566,4,0,,0,8,47,0,63,,25,0,2,17,2,,0,,,,,0,"3,983",97,,,,15,2,84,,,4,130,98,2,1,26,37,207,139,,,15,26,,25,39,"1,041",,,1,2,836,6,84,,8,,92,1,0,86,125,30,124,283,0,"3,146",47,107,12,27,,43,698,300,75,50,1,66,,,570,,,5,5,22,"1,011",1,3,,,35,21,8,10,,0,20,0,1,3,,,20,112,,16,,1,0,114,0,,0,24,255,,15,16,0,455,,25,3,474,,9,0,18,66,"1,917",486,305,,,139,41,6,0,,0,19,9,0,2,2,,,47,36,0,,70,102,365,5,3,,9,10,0,0,19,188,57,4,10,59,,3,0,19,28,6,,,,36,81,,"1,171",654,2,,0,3,725,,,2,1,,"23,416"
Cape Verde,0,0,0,,,0,0,0,0,,0,0,0,,,0,0,0,0,0,0,,0,0,0,0,0,,0,0,0,0,0,,0,,,,,0,0,0,,,,0,0,0,,,0,0,0,0,0,0,0,0,0,,,0,0,,0,0,2,,,0,0,0,0,0,,0,,0,0,0,0,0,0,0,0,0,0,0,0,0,0,,0,1,0,0,0,0,0,,,0,,,0,0,0,0,0,0,,,0,0,0,0,,0,0,0,0,0,,,0,0,,0,,0,0,0,0,,0,0,0,,0,0,0,2,,0,0,0,,0,0,0,0,0,0,2,,,0,0,0,0,,1,0,1,0,0,0,,,0,0,0,,0,0,0,0,0,,0,0,0,0,0,0,0,0,0,0,,0,0,0,0,0,,,,0,0,,0,1,0,,0,0,0,,,0,0,,10
Cayman Islands,0,0,0,,,0,0,0,0,,0,0,0,,,0,0,0,0,0,0,,0,0,0,0,0,,0,0,0,0,0,,0,,,,,0,0,0,,,,1,0,0,,,0,0,0,0,0,0,0,0,0,,,0,0,,0,0,1,,,0,0,1,0,0,,0,,0,0,0,0,0,8,0,0,0,1,0,0,0,0,,0,0,20,0,0,0,0,,,0,,,0,0,0,0,0,0,,,0,0,0,0,,0,0,0,0,0,,,0,0,,0,,0,0,0,0,,0,0,0,,0,1,0,0,,0,0,0,,0,0,0,0,0,0,0,,,0,0,0,0,,0,0,0,0,0,0,,,0,0,0,,0,0,0,0,0,,0,0,0,0,0,1,0,0,0,0,,0,0,0,0,0,,,,0,0,,7,14,0,,0,0,0,,,0,0,,60
Central African Republic,0,0,0,,,0,0,0,0,,0,0,0,,,0,0,0,0,0,0,,0,0,0,0,0,,0,0,0,0,2,,0,,,,,0,0,0,,,,0,0,0,,,0,0,0,0,0,0,0,0,0,,,0,0,,0,0,34,,,0,0,0,0,0,,0,,0,0,0,0,0,0,0,0,0,0,0,0,0,0,,0,0,0,0,0,0,0,,,0,,,0,0,0,0,0,0,,,0,0,0,0,,0,0,0,0,0,,,0,0,,0,,0,0,0,0,,0,0,0,,0,0,0,18,,0,0,0,,0,0,0,0,0,0,0,,,0,0,0,0,,0,0,2,0,0,0,,,0,0,0,,0,0,0,0,0,,0,1,0,0,0,0,0,0,0,0,,0,0,0,0,0,,,,0,0,,0,0,0,,0,0,0,,,0,0,,58
Chad,0,0,0,,,0,0,0,0,,0,0,0,,,0,0,0,0,0,0,,0,0,0,0,0,,0,0,0,0,12,,0,,,,,0,0,0,,,,0,0,0,,,0,0,0,0,0,0,0,0,0,,,0,0,,0,0,0,,,0,0,0,0,0,,0,,0,0,0,0,0,0,0,0,0,0,0,0,0,0,,0,0,0,0,0,0,0,,,0,,,0,0,0,0,0,0,,,0,0,0,0,,0,0,0,0,0,,,0,0,,0,,0,0,0,0,,0,0,0,,0,0,11,"1,395",,0,0,0,,0,0,0,0,0,0,0,,,0,0,0,0,,0,0,0,0,0,0,,,0,0,0,,0,0,0,0,0,,0,12,0,0,0,0,0,0,0,0,,0,0,0,0,0,,,,0,0,,0,0,0,,0,0,0,,,0,0,,"1,430"
Channel Islands,0,0,0,,,0,0,0,0,,0,0,0,,,0,0,0,0,0,0,,0,0,0,0,0,,0,0,0,0,0,,0,,,,,0,0,0,,,,0,0,0,,,0,0,0,0,0,0,0,0,0,,,0,0,,0,0,0,,,0,0,0,0,0,,0,,0,0,0,0,0,0,0,0,0,0,0,0,0,0,,0,0,0,0,0,0,0,,,0,,,0,0,0,0,0,0,,,0,0,0,0,,0,0,0,0,0,,,0,0,,0,,0,0,0,0,,0,0,0,,0,0,0,0,,0,0,0,,0,0,0,0,0,0,0,,,0,0,0,0,,0,0,0,0,0,0,,,0,0,0,,0,0,0,0,0,,0,0,0,0,0,0,0,0,0,0,,0,0,0,0,0,,,,0,0,,0,0,0,,0,0,0,,,0,0,,0
Chile,0,0,0,,,0,0,56,0,,6,5,0,,,0,0,0,35,0,0,,0,26,0,0,38,,0,0,0,0,0,,0,,,,,0,18,13,,,,3,0,1,,,0,1,2,0,0,1,33,1,1,,,0,0,,0,1,58,,,0,0,39,0,0,,0,,2,0,0,0,0,2,0,3,0,4,0,0,0,0,,1,13,0,4,1,0,0,,,9,,,0,0,0,4,0,0,,,0,1,0,0,,0,0,0,0,0,,,0,5,,0,,0,0,0,0,,0,0,2,,0,0,0,1,,2,0,1,,2,0,4,144,1,2,1,,,1,1,0,0,,0,0,0,0,0,0,,,0,0,0,,1,129,0,0,0,,0,0,0,0,5,14,1,0,0,0,,0,1,0,0,0,,,,0,0,,5,30,1,,0,2,0,,,0,0,,737
China,0,0,0,,,0,0,0,0,,0,0,0,,,0,0,0,0,0,0,,0,0,0,0,0,,0,0,0,0,0,,0,,,,,0,0,0,,,,0,0,0,,,0,0,0,0,0,0,0,0,0,,,0,0,,0,0,0,,,0,0,0,0,0,,0,,0,0,0,0,0,0,0,0,0,0,0,0,0,0,,0,0,0,0,0,0,0,,,0,,,0,0,0,0,0,0,,,0,0,0,0,,0,0,0,0,0,,,0,0,,0,,0,0,0,0,,0,0,0,,0,0,0,0,,0,0,0,,0,0,0,0,0,0,0,,,0,0,0,0,,0,0,0,0,0,0,,,0,0,0,,0,0,0,0,0,,0,0,0,0,0,0,0,0,0,0,,0,0,0,0,0,,,,0,0,,0,0,0,,0,0,0,,,0,0,,0
Colombia,0,0,0,,,0,0,2,0,,1,1,0,,,0,0,0,8,0,0,,0,1,0,0,6,,0,0,0,0,0,,0,,,,,0,10,0,,,,3,0,0,,,0,0,0,0,0,1,22,0,1,,,0,0,,0,0,18,,,0,0,8,0,0,,0,,1,0,0,0,0,1,0,1,0,0,0,0,0,0,,1,4,0,2,1,0,0,,,1,,,0,0,0,10,0,0,,,0,0,0,0,,0,0,0,0,0,,,0,4,,0,,0,0,0,0,,0,0,1,,0,0,0,0,,0,0,0,,4,0,0,8,0,0,0,,,0,0,0,0,,0,0,0,0,0,0,,,0,0,0,,0,44,0,0,0,,0,0,0,0,0,4,0,0,0,0,,0,0,0,0,0,,,,0,0,,2,34,0,,1,9,0,,,0,0,,215
Comoros,0,0,0,,,0,0,0,0,,0,0,0,,,0,0,0,0,0,0,,0,0,0,0,0,,0,0,0,0,0,,0,,,,,0,0,0,,,,0,0,0,,,0,0,0,0,0,0,0,0,0,,,0,0,,0,0,6,,,0,0,0,0,0,,0,,0,0,0,0,0,0,0,0,0,0,0,0,0,0,,0,0,0,0,0,0,0,,,0,,,0,0,0,0,0,0,,,0,0,0,0,,0,0,0,0,0,,,0,0,,0,,0,0,0,0,,0,0,0,,0,0,0,0,,0,0,0,,0,0,0,0,0,0,0,,,0,0,0,0,,0,0,0,0,0,0,,,0,0,0,,0,0,0,0,0,,0,0,0,0,0,0,0,0,0,0,,0,0,0,0,0,,,,0,0,,0,0,0,,0,0,0,,,0,0,,6
"Congo, Dem. Rep.",0,0,0,,,0,0,0,0,,0,0,0,,,0,0,0,0,0,0,,0,0,0,0,0,,0,0,0,0,0,,0,,,,,0,0,0,,,,0,0,0,,,0,0,0,0,0,0,0,0,0,,,0,0,,0,0,0,,,0,0,0,0,0,,0,,0,0,0,0,0,0,0,0,0,0,0,0,0,0,,0,0,0,0,0,0,0,,,0,,,0,0,0,0,0,0,,,0,0,0,0,,0,0,0,0,0,,,0,0,,0,,0,0,0,0,,0,0,0,,0,0,0,0,,0,0,0,,0,0,0,0,0,0,0,,,0,0,0,0,,0,0,0,0,0,0,,,0,0,0,,0,0,0,0,0,,0,0,0,0,0,0,0,0,0,0,,0,0,0,0,0,,,,0,0,,0,0,0,,0,0,0,,,0,0,,0
"Congo, Rep.",0,0,0,,,0,0,0,0,,0,0,0,,,0,0,0,0,0,2,,0,0,0,0,0,,0,0,0,0,1,,0,,,,,0,0,0,,,,0,0,0,,,0,0,0,0,0,0,0,0,0,,,0,0,,0,0,121,,,0,0,1,0,0,,0,,0,0,0,0,0,0,0,0,0,0,0,0,0,0,,0,0,0,0,0,0,0,,,0,,,0,0,0,5,0,0,,,0,0,0,0,,0,0,0,3,0,,,0,0,,0,,0,0,0,0,,0,0,0,,0,0,0,0,,0,0,0,,0,0,0,0,0,0,1,,,0,0,0,0,,0,0,9,0,0,0,,,0,0,0,,0,0,0,0,0,,0,0,0,0,0,0,0,0,0,0,,1,0,0,0,0,,,,0,0,,0,0,0,,0,0,0,,,0,0,,144
Costa Rica,0,0,0,,,0,0,0,0,,0,0,0,,,0,0,0,0,0,0,,0,0,0,0,0,,0,0,0,0,0,,0,,,,,0,0,0,,,,0,0,0,,,0,0,0,0,0,0,0,0,32,,,0,0,,0,0,0,,,0,0,0,0,0,,0,,12,0,0,0,0,17,0,0,0,0,0,0,0,0,,0,0,0,0,0,0,0,,,0,,,0,0,0,0,0,0,,,0,0,0,0,,0,0,0,0,0,,,0,0,,0,,0,0,0,0,,0,0,0,,0,402,0,0,,0,0,0,,41,0,0,0,0,0,0,,,0,0,0,0,,0,0,0,0,0,0,,,0,0,0,,0,0,0,0,0,,0,0,0,0,0,0,0,0,0,0,,0,0,0,0,0,,,,0,0,,0,0,0,,0,0,0,,,0,0,,505
Côte d'Ivoire,0,0,0,,,0,0,0,0,,0,0,0,,,0,0,0,0,0,18,,0,0,0,0,0,,0,109,0,0,0,,0,,,,,0,0,0,,,,0,0,0,,,0,0,0,0,0,0,0,0,0,,,0,0,,0,0,0,,,1,0,0,12,0,,0,,0,16,0,0,0,0,0,0,0,0,0,0,0,0,,0,0,0,0,0,0,0,,,0,,,0,0,0,0,0,35,,,0,0,0,0,,0,0,0,162,0,,,0,0,,0,,0,0,0,0,,0,0,0,,0,0,26,475,,0,0,0,,0,0,0,0,0,0,0,,,0,0,0,0,,0,0,50,0,0,0,,,0,0,0,,0,0,0,0,0,,0,0,0,0,0,0,0,0,0,0,,37,0,0,0,0,,,,0,0,,0,0,0,,0,0,0,,,0,0,,942
Croatia,0,0,0,,,0,0,0,0,,3,9,0,,,0,0,0,0,0,0,,0,0,657,0,0,,0,0,0,0,0,,0,,,,,0,0,0,,,,0,0,0,,,0,0,0,0,0,0,0,0,0,,,0,0,,0,0,5,,,0,0,40,0,0,,0,,0,0,0,0,0,0,0,0,0,0,0,0,0,0,,0,4,0,0,0,0,0,,,0,,,0,0,0,0,0,0,,,0,0,0,11,,0,0,0,0,0,,,0,0,,0,,0,0,0,0,,0,0,0,,0,0,0,0,,0,0,0,,0,0,0,0,0,0,0,,,0,0,0,0,,0,0,0,0,0,0,,,0,81,0,,0,0,0,0,0,,0,0,0,0,1,7,0,0,0,0,,0,0,0,0,0,,,,0,0,,0,2,0,,0,0,0,,,0,0,,822
Cuba,0,0,0,,,0,0,0,0,,0,0,0,,,0,0,0,0,0,0,,0,0,0,0,0,,0,0,0,0,0,,0,,,,,0,2,0,,,,0,0,0,,,0,1,0,0,0,0,0,0,0,,,0,0,,0,0,2,,,0,0,1,0,0,,0,,0,0,0,0,0,0,0,0,0,0,0,0,0,0,,0,0,0,0,0,0,0,,,0,,,0,0,0,0,0,0,,,0,0,0,0,,0,0,0,0,0,,,0,1,,0,,0,0,0,0,,0,0,0,,0,0,0,0,,0,0,0,,0,0,0,0,0,0,0,,,0,1,0,0,,0,0,0,0,0,0,,,0,0,0,,0,39,0,0,0,,0,0,0,0,0,0,0,0,0,0,,0,0,0,0,0,,,,0,1,,0,1,0,,0,0,0,,,0,0,,50
Cyprus,0,0,0,,,0,0,0,2,,9,2,0,,,2,0,0,6,0,0,,0,0,0,0,0,,7,0,0,0,0,,0,,,,,0,10,0,,,,0,0,0,,,0,3,1,0,0,0,0,19,0,,,0,0,,0,1,9,,,0,16,10,0,20,,0,,0,0,0,0,0,0,0,2,0,14,0,1,0,1,,1,1,0,0,2,0,0,,,0,,,0,0,0,27,0,0,,,0,0,0,0,,0,0,0,0,0,,,0,0,,2,,0,0,0,0,,0,0,1,,0,0,0,6,,1,0,1,,0,0,0,0,32,1,0,,,7,6,0,0,,0,0,0,0,0,0,,,0,0,0,,6,1,24,0,0,,0,0,0,0,2,3,7,0,0,1,,0,0,0,0,0,,,,0,3,,55,6,0,,0,0,0,,,0,0,,336
Czech Republic,0,0,0,,,0,0,0,1,,1,39,0,,,0,0,1,18,0,0,,0,0,2,0,0,,6,0,0,0,0,,0,,,,,0,8,0,,,,0,0,3,,,0,0,1,0,0,0,0,1,0,,,0,0,,0,1,41,,,0,0,41,0,2,,0,,0,0,0,0,0,0,0,31,0,1,0,0,0,0,,0,2,0,1,1,0,0,,,0,,,0,0,0,2,0,0,,,1,0,0,0,,0,0,0,0,0,,,0,0,,2,,5,0,0,0,,0,0,1,,0,0,0,2,,0,0,0,,0,0,0,0,0,58,0,,,16,7,0,0,,0,0,0,0,0,0,,,953,1,0,,0,1,0,0,0,,0,0,0,0,1,3,1,0,0,0,,0,0,0,0,0,,,,0,36,,3,5,0,,0,0,49,,,0,0,,"1,355"
Denmark,4,0,2,,,0,0,1,1,,6,9,0,,,2,0,0,26,0,0,,0,0,32,0,8,,2,0,0,0,0,,0,,,,,0,71,6,,,,1,0,2,,,0,4,0,0,0,0,1,8,0,,,3,2,,0,11,63,,,1,0,139,0,1,,0,,1,0,0,0,0,0,0,13,6,36,3,15,8,2,,3,10,0,5,8,0,4,,,54,,,0,0,5,179,0,0,,,21,3,0,3,,0,0,0,0,0,,,0,1,,1,,0,326,16,0,,0,1,13,,1,0,0,23,,76,0,42,,0,0,0,2,44,58,2,,,6,3,0,0,,0,0,0,5,0,0,,,2,1,0,,2,34,26,0,0,,0,0,0,0,40,14,6,0,1,52,,0,0,0,3,10,,,,4,7,,25,25,0,,0,0,45,,,0,0,,"1,712"
Djibouti,0,0,0,,,0,0,0,0,,0,0,0,,,0,0,0,0,0,0,,0,0,0,0,0,,0,0,0,0,0,,0,,,,,0,0,0,,,,0,0,0,,,0,0,0,0,0,0,0,0,0,,,0,14,,0,0,0,,,0,0,0,0,0,,0,,0,0,0,0,0,0,0,0,0,0,0,0,0,0,,0,0,0,0,0,0,0,,,0,,,0,0,0,0,0,0,,,0,0,0,0,,0,0,0,0,0,,,0,0,,0,,0,0,0,0,,0,0,0,,0,0,0,0,,0,0,0,,0,0,0,0,0,0,0,,,0,0,0,0,,0,0,0,0,0,0,,,0,0,0,,0,0,0,0,0,,0,0,0,0,0,0,0,0,0,0,,0,0,0,0,0,,,,0,0,,0,0,0,,0,0,0,,,1,0,,14
Dominica,0,0,0,,,0,0,0,0,,0,0,0,,,0,0,0,0,0,0,,0,0,0,0,0,,0,0,0,0,0,,0,,,,,0,0,0,,,,0,0,0,,,0,0,0,0,0,0,0,0,0,,,0,0,,0,0,0,,,0,0,0,0,0,,0,,0,0,0,0,0,0,0,0,0,0,0,0,0,0,,0,0,0,0,0,0,0,,,0,,,0,0,0,0,0,0,,,0,0,0,0,,0,0,0,0,0,,,0,0,,0,,0,0,0,0,,0,0,0,,0,0,0,0,,0,0,0,,0,0,0,0,0,0,0,,,0,0,0,0,,0,0,0,0,0,0,,,0,0,0,,0,0,0,0,0,,0,0,0,0,0,0,0,0,0,0,,0,0,0,0,0,,,,0,0,,1,1,0,,0,0,0,,,0,0,,2
Dominican Republic,0,0,0,,,0,0,3,0,,0,8,0,,,0,0,0,18,0,0,,0,1,0,0,4,,1,0,0,0,0,,0,,,,,0,16,12,,,,9,0,0,,,0,0,1,0,0,0,3,0,1,,,0,0,,0,0,42,,,0,0,32,0,0,,0,,3,0,0,0,247,2,0,0,0,2,0,0,0,0,,0,21,1,5,0,0,0,,,4,,,0,0,0,11,0,0,,,0,1,0,0,,0,0,0,0,0,,,0,4,,0,,0,0,0,0,,0,0,2,,0,1,0,1,,0,0,0,,3,0,0,6,1,2,0,,,0,0,0,0,,0,0,0,0,0,0,,,0,0,0,,0,91,0,0,0,,0,0,0,0,1,26,0,0,0,0,,0,0,0,0,0,,,,0,0,,1,31,1,,0,5,0,,,0,0,,626
Ecuador,0,0,0,,,0,0,5,0,,2,4,0,,,0,0,0,28,0,0,,0,3,0,0,11,,0,0,0,0,0,,0,,,,,0,23,293,,,,5,0,0,,,0,2,1,0,0,1,0,0,2,,,0,0,,0,0,34,,,0,0,25,0,0,,0,,2,0,0,0,0,2,0,1,0,1,0,0,0,0,,1,10,0,3,0,0,0,,,5,,,0,0,0,6,0,0,,,0,1,0,0,,0,0,0,0,0,,,0,5,,0,,0,0,0,0,,0,0,2,,0,1,0,1,,1,0,0,,3,0,1,39,1,1,1,,,1,1,0,0,,0,0,0,0,0,0,,,0,0,0,,0,85,0,0,0,,0,0,0,0,1,22,0,0,0,0,,0,0,0,0,0,,,,0,0,,5,82,0,,0,3,0,,,0,0,,735
"Egypt, Arab Rep.",0,0,2,,,0,0,0,0,,1,1,0,,,1,0,0,6,0,0,,0,0,0,0,0,,0,0,0,0,0,,0,,,,,0,6,0,,,,0,0,0,,,0,0,1,1,0,0,0,0,0,,,0,0,,0,0,19,,,0,0,10,0,1,,0,,0,0,0,0,0,0,0,0,0,7,10,0,5,0,,0,5,0,1,29,0,0,,,1,,,0,0,0,39,0,0,,,0,0,0,0,,0,2,0,0,0,,,0,0,,0,,0,0,3,0,,0,0,1,,0,0,0,15,,0,1,2,,0,0,0,0,5,1,0,,,0,1,0,0,,0,16,1,0,0,0,,,0,0,0,,0,2,0,0,0,,0,2,0,0,1,3,0,0,0,0,,0,0,0,0,0,,,,0,0,,0,0,0,,0,0,0,,,0,0,,201
El Salvador,0,0,0,,,0,0,0,0,,0,0,0,,,0,0,0,0,0,0,,0,0,0,0,1,,0,0,0,0,0,,0,,,,,0,1,1,,,,3,0,0,,,0,0,0,0,0,0,0,0,0,,,0,0,,0,0,2,,,0,0,1,0,0,,0,,29,0,0,0,0,36,0,0,0,0,0,0,0,0,,0,1,0,0,0,0,0,,,1,,,0,0,0,0,0,0,,,0,0,0,0,,0,0,0,0,0,,,0,3,,0,,0,0,0,0,,0,0,0,,0,7,0,0,,0,0,0,,1,0,0,0,0,0,0,,,0,0,0,0,,0,0,0,0,0,0,,,0,0,0,,0,4,0,0,0,,0,0,0,0,0,0,0,0,0,0,,0,0,0,0,0,,,,0,0,,0,12,0,,0,0,0,,,0,0,,104
Equatorial Guinea,0,0,0,,,0,0,0,0,,0,0,0,,,0,0,0,0,0,0,,0,0,0,0,0,,0,0,0,0,1,,0,,,,,0,0,0,,,,0,0,0,,,0,0,0,0,0,0,0,0,0,,,0,0,,0,0,2,,,0,0,0,0,0,,0,,0,0,0,0,0,0,0,0,0,0,0,0,0,0,,0,0,0,0,0,0,0,,,0,,,0,0,0,0,0,0,,,0,0,0,0,,0,0,0,0,0,,,0,0,,0,,0,0,0,0,,0,0,0,,0,0,0,30,,0,0,0,,0,0,0,0,0,0,0,,,0,0,0,0,,0,0,0,0,0,0,,,0,0,0,,0,7,0,0,0,,0,0,0,0,0,0,0,0,0,0,,0,0,0,0,0,,,,0,0,,0,0,0,,0,0,0,,,0,0,,39
Eritrea,0,0,0,,,0,0,0,0,,0,0,0,,,0,0,0,0,0,0,,0,0,0,0,0,,0,0,0,0,0,,0,,,,,0,0,0,,,,0,0,0,,,0,0,0,0,0,0,0,0,0,,,0,0,,0,0,0,,,0,0,0,0,0,,0,,0,0,0,0,0,0,0,0,0,0,0,0,0,0,,0,0,0,0,0,0,0,,,0,,,0,0,0,0,0,0,,,0,0,0,0,,0,0,0,0,0,,,0,0,,0,,0,0,0,0,,0,0,0,,0,0,0,0,,0,0,0,,0,0,0,0,0,0,0,,,0,0,0,0,,0,0,0,0,0,0,,,0,0,0,,0,0,0,0,0,,0,0,0,0,0,0,0,0,0,0,,0,0,0,0,0,,,,0,0,,0,0,0,,0,0,0,,,0,0,,0
Estonia,0,0,0,,,0,0,0,0,,0,0,0,,,0,0,4,0,0,0,,0,0,0,0,0,,0,0,0,0,0,,0,,,,,0,0,0,,,,0,0,0,,,0,0,0,0,0,0,0,0,0,,,0,0,,0,3,0,,,0,0,0,0,0,,0,,0,0,0,0,0,0,0,0,0,0,0,0,0,0,,0,0,0,0,0,0,0,,,0,,,0,0,8,0,0,0,,,7,0,0,0,,0,0,0,0,0,,,0,0,,0,,0,0,0,0,,0,0,0,,0,0,0,0,,0,0,0,,0,0,0,0,0,0,0,,,0,70,0,0,,0,0,0,0,0,0,,,0,0,0,,0,0,0,0,0,,0,0,0,0,0,0,0,0,0,0,,0,0,0,0,0,,,,0,19,,0,0,0,,0,0,0,,,0,0,,110
Ethiopia,0,0,0,,,0,0,0,0,,0,0,0,,,0,0,0,0,0,0,,0,0,0,0,0,,0,0,0,0,0,,0,,,,,0,0,0,,,,0,0,0,,,0,0,0,5,0,0,0,0,0,,,0,0,,0,0,0,,,0,0,0,0,0,,0,,0,0,0,0,0,0,0,0,0,0,0,0,0,0,,0,0,0,0,0,0,1,,,0,,,0,0,0,0,0,0,,,0,0,0,0,,0,0,0,0,0,,,0,0,,0,,0,0,0,0,,0,0,0,,0,0,0,0,,0,0,0,,0,0,0,0,0,0,0,,,0,0,0,0,,0,0,0,0,0,0,,,0,0,0,,0,0,0,0,0,,0,3,0,0,0,0,0,0,0,0,,0,0,0,0,0,,,,0,0,,0,0,0,,0,0,0,,,0,0,,9
Faeroe Islands,0,0,0,,,0,0,0,0,,0,0,0,,,0,0,0,0,0,0,,0,0,0,0,0,,0,0,0,0,0,,0,,,,,0,0,0,,,,0,0,0,,,0,0,16,0,0,0,0,0,0,,,0,0,,0,0,0,,,0,0,0,0,0,,0,,0,0,0,0,0,0,0,0,0,0,0,0,0,0,,0,0,0,0,0,0,0,,,0,,,0,0,0,0,0,0,,,0,0,0,0,,0,0,0,0,0,,,0,0,,0,,0,0,0,0,,0,0,0,,0,0,0,0,,0,0,0,,0,0,0,0,0,0,0,,,0,0,0,0,,0,0,0,0,0,0,,,0,0,0,,0,0,0,0,0,,0,0,0,0,0,0,0,0,0,0,,0,0,0,0,0,,,,0,0,,0,0,0,,0,0,0,,,0,0,,16
Fiji,0,0,0,,,0,0,0,0,,6,0,0,,,1,0,0,0,0,0,,0,0,0,0,0,,0,0,0,0,0,,0,,,,,0,0,0,,,,0,0,0,,,0,0,0,0,0,0,0,0,0,,,0,0,,0,0,0,,,0,0,0,0,0,,0,,0,0,0,0,0,0,0,0,0,16,0,0,0,0,,0,0,0,0,0,0,0,,,0,,,0,0,0,0,0,0,,,0,0,0,0,,0,0,0,0,0,,,0,0,,0,,0,0,0,0,,0,0,0,,2,0,0,0,,0,0,1,,0,0,0,0,0,0,0,,,0,0,0,1,,0,0,0,0,0,0,,,0,0,0,,0,0,0,0,0,,0,0,0,0,0,0,0,0,0,0,,0,0,0,0,0,,,,0,0,,2,0,0,,0,0,0,,,0,0,,30
Finland,0,0,1,,,0,0,0,0,,4,3,0,,,3,0,0,8,0,0,,0,0,4,0,2,,1,0,0,0,0,,0,,,,,0,43,2,,,,0,0,3,,,0,2,4,0,0,0,0,3,0,,,46,1,,0,0,21,,,1,0,25,0,1,,0,,0,0,0,0,0,0,0,7,0,19,1,4,2,0,,1,3,0,3,1,0,1,,,1,,,0,0,5,6,0,0,,,5,2,0,0,,0,0,0,0,0,,,0,1,,0,,0,0,4,0,,0,1,2,,0,0,0,13,,6,0,2,,0,0,0,1,8,5,0,,,2,10,0,0,,0,0,0,0,0,0,,,1,0,0,,1,13,2,0,0,,0,0,0,0,81,9,1,0,0,27,,0,0,0,2,1,,,,0,2,,8,9,0,,0,0,16,,,0,0,,471
France,1,3,"1,474",,,0,0,8,24,,17,72,1,,,7,0,0,"3,309",0,13,,0,2,20,0,101,,22,1,1,49,35,,24,,,,,0,626,52,,,,2,47,59,,,1,42,30,19,0,2,4,120,3,,,2,4,,0,11,0,,,2,1,716,1,13,,0,,8,8,6,0,68,3,1,63,0,208,13,25,1,6,,15,901,1,65,5,0,3,,,97,,,0,14,3,517,0,2,,,6,343,0,10,,0,1,0,78,0,,,71,14,,2,,3,0,"2,049",0,,0,4,87,,2,1,4,74,,13,0,62,,1,0,2,19,40,296,"1,314",,,77,23,4,0,,0,2,313,368,1,0,,,18,36,0,,5,"3,062",126,0,0,,0,1,0,0,24,558,41,0,0,83,,43,0,0,952,76,,,,1,17,,296,101,1,,4,1,371,,,3,0,,"20,085"
French Polynesia,0,0,0,,,0,0,0,0,,0,0,0,,,0,0,0,0,0,0,,0,0,0,0,0,,0,0,0,0,0,,0,,,,,0,0,0,,,,0,0,0,,,0,0,0,0,0,0,0,0,0,,,0,0,,0,0,286,,,0,0,0,0,0,,0,,0,0,0,0,0,0,0,0,0,0,0,0,0,0,,0,0,0,0,0,0,0,,,0,,,0,0,0,0,0,0,,,0,0,0,0,,0,0,0,0,0,,,0,0,,0,,0,0,0,0,,0,0,0,,0,0,0,0,,0,0,0,,0,0,0,0,0,0,0,,,0,0,0,0,,0,0,0,0,0,0,,,0,0,0,,0,0,0,0,0,,0,0,0,0,0,0,0,0,0,0,,0,0,0,0,0,,,,0,0,,0,0,0,,0,0,0,,,0,0,,286
Gabon,0,0,0,,,0,0,0,0,,0,0,0,,,0,0,0,13,0,16,,0,0,0,0,0,,0,1,0,0,12,,0,,,,,0,11,0,,,,0,2,0,,,0,0,0,0,0,0,0,0,0,,,0,0,,0,0,164,,,0,0,0,0,0,,0,,0,0,0,0,0,0,0,0,0,0,0,0,0,0,,0,0,0,0,0,0,0,,,0,,,0,0,0,0,0,0,,,0,0,0,0,,0,0,0,22,0,,,0,0,,0,,0,0,0,0,,0,0,0,,0,0,0,279,,0,0,0,,0,0,0,0,0,0,0,,,0,0,0,0,,0,0,52,0,0,0,,,0,0,0,,0,0,0,0,0,,0,0,0,0,0,0,0,0,0,0,,17,0,0,0,0,,,,0,0,,0,1,0,,0,0,0,,,0,0,,590
"Gambia, The",0,0,0,,,0,0,0,0,,0,0,0,,,0,0,0,0,0,0,,0,0,0,0,0,,0,0,0,0,0,,0,,,,,0,0,0,,,,0,0,0,,,0,0,0,0,0,0,0,0,0,,,0,0,,0,0,0,,,0,0,0,0,0,,0,,0,7,5,0,0,0,0,0,0,0,0,0,0,0,,0,0,0,0,0,0,0,,,0,,,0,0,0,0,0,0,,,0,0,0,0,,0,0,0,5,0,,,0,0,,0,,0,0,0,0,,0,0,0,,0,0,0,0,,0,0,0,,0,0,0,0,0,0,0,,,0,0,0,0,,0,0,265,0,0,1,,,0,0,0,,0,0,0,0,0,,0,0,0,0,0,0,0,0,0,0,,0,0,0,0,0,,,,0,0,,0,0,0,,0,0,0,,,0,0,,283
Georgia,0,0,0,,,0,0,0,22,,0,0,10,,,0,0,0,0,0,0,,0,0,0,0,0,,1,0,0,0,0,,0,,,,,0,3,0,,,,0,0,0,,,0,0,0,0,0,0,0,0,0,,,0,0,,0,0,0,,,0,0,7,0,1,,0,,0,0,0,0,0,0,0,0,0,2,0,0,0,0,,2,1,0,0,0,0,0,,,0,,,0,0,0,0,0,0,,,0,0,0,0,,0,0,0,0,0,,,0,0,,0,,0,0,0,0,,0,1,0,,0,0,0,0,,0,0,3,,0,0,0,0,0,0,0,,,1,56,0,0,,0,0,0,0,0,0,,,0,0,0,,0,0,0,0,0,,0,0,0,0,0,0,0,1,0,0,,0,0,0,0,1,,,,0,6,,1,4,0,,0,0,0,,,0,0,,124
Germany,26,14,35,,,0,0,6,27,,51,"1,466",36,,,26,0,13,867,0,1,,0,4,353,0,138,,99,1,0,1,8,,1,,,,,0,915,30,,,,5,3,660,,,1,277,145,0,0,27,14,92,2,,,15,24,,0,57,"1,913",,,7,23,0,9,465,,0,,5,1,1,0,1,4,0,475,1,415,57,90,35,17,,24,"1,705",4,143,92,5,20,,,187,,,43,1,36,712,0,9,,,84,475,0,99,,0,4,0,2,0,,,2,28,,46,,61,0,273,1,,1,20,399,,3,1,2,615,,42,0,142,,1,0,3,32,193,"1,505",319,,,195,164,2,0,,0,2,14,0,1,5,,,136,111,0,,12,"1,442",143,0,0,,0,4,0,0,66,482,105,9,1,319,,38,0,0,119,701,,,,6,238,,269,357,0,,0,1,520,,,4,0,,"21,769"
Ghana,0,0,0,,,0,0,0,0,,0,0,0,,,0,0,0,0,0,0,,0,0,0,0,0,,0,0,0,0,0,,0,,,,,0,0,0,,,,0,0,0,,,0,0,0,0,0,0,0,0,0,,,0,0,,0,0,0,,,0,0,0,0,0,,0,,0,0,0,0,0,0,0,0,0,0,0,0,0,0,,0,0,0,0,0,0,0,,,0,,,0,0,0,0,0,0,,,0,0,0,0,,0,0,0,0,0,,,0,0,,0,,0,0,0,0,,0,0,0,,0,0,0,0,,0,0,0,,0,0,0,0,0,0,0,,,0,0,0,0,,0,0,0,0,0,0,,,0,0,0,,0,0,0,0,0,,0,0,0,0,0,0,0,0,0,0,,0,0,0,0,0,,,,0,0,,0,0,0,,0,0,0,,,0,0,,0
Gibralter,0,0,0,,,0,0,0,0,,0,0,0,,,0,0,0,0,0,0,,0,0,0,0,0,,0,0,0,0,0,,0,,,,,0,0,0,,,,0,0,0,,,0,0,0,0,0,0,0,0,0,,,0,0,,0,0,0,,,0,0,0,0,0,,0,,0,0,0,0,0,0,0,0,0,0,0,0,0,0,,0,0,0,0,0,0,0,,,0,,,0,0,0,0,0,0,,,0,0,0,0,,0,0,0,0,0,,,0,0,,0,,0,0,0,0,,0,0,0,,0,0,0,0,,0,0,0,,0,0,0,0,0,0,0,,,0,0,0,0,,0,0,0,0,0,0,,,0,0,0,,0,0,0,0,0,,0,0,0,0,0,0,0,0,0,0,,0,0,0,0,0,,,,0,0,,0,0,0,,0,0,0,,,0,0,,0
Greece,0,537,1,,,0,0,0,14,,7,13,0,,,14,0,0,21,0,0,,0,0,1,0,4,,67,0,0,0,0,,0,,,,,0,31,1,,,,0,0,1,,,17,7,8,0,0,1,0,36,0,,,0,1,,0,3,21,,,0,47,53,0,0,,0,,0,0,0,0,0,0,0,1,0,30,1,4,1,1,,1,13,0,4,5,0,1,,,2,,,0,0,0,41,0,0,,,1,6,0,1,,0,0,0,0,0,,,0,1,,17,,0,0,2,0,,0,0,9,,0,0,0,64,,3,0,64,,0,0,0,0,28,88,0,,,62,20,0,0,,0,0,0,0,0,0,,,2,0,0,,3,2,3,0,0,,0,1,0,0,8,4,24,0,0,1,,0,0,0,1,1,,,,0,26,,24,11,0,,0,0,1,,,0,0,,"1,496"
Greenland,0,0,0,,,0,0,0,0,,0,0,0,,,0,0,0,0,0,0,,0,0,0,0,0,,0,0,0,0,0,,0,,,,,0,0,0,,,,0,0,0,,,0,0,0,0,0,0,0,0,0,,,0,0,,0,0,0,,,0,0,0,0,0,,0,,0,0,0,0,0,0,0,0,0,0,0,0,0,0,,0,0,0,0,0,0,0,,,0,,,0,0,0,0,0,0,,,0,0,0,0,,0,0,0,0,0,,,0,0,,0,,0,0,0,0,,0,0,0,,0,0,0,0,,0,0,0,,0,0,0,0,0,0,0,,,0,0,0,0,,0,0,0,0,0,0,,,0,0,0,,0,0,0,0,0,,0,0,0,0,0,0,0,0,0,0,,0,0,0,0,0,,,,0,0,,0,0,0,,0,0,0,,,0,0,,0
Grenada,0,0,0,,,0,0,0,0,,0,0,0,,,0,0,0,0,0,0,,0,0,0,0,0,,0,0,0,0,0,,0,,,,,0,0,0,,,,0,0,0,,,0,0,0,0,0,0,0,0,0,,,0,0,,0,0,0,,,0,0,0,0,0,,0,,0,0,0,0,0,0,0,0,0,0,0,0,0,0,,0,0,0,0,0,0,0,,,0,,,0,0,0,0,0,0,,,0,0,0,0,,0,0,0,0,0,,,0,0,,0,,0,0,0,0,,0,0,0,,0,0,0,0,,0,0,0,,0,0,0,0,0,0,0,,,0,0,0,0,,0,0,0,0,0,0,,,0,0,0,,0,0,0,0,0,,0,0,0,0,0,0,0,0,0,0,,0,0,0,0,0,,,,0,0,,0,0,0,,0,0,0,,,0,0,,0
Guam,0,0,0,,,0,0,0,0,,0,0,0,,,0,0,0,0,0,0,,0,0,0,0,0,,0,0,0,0,0,,0,,,,,0,17,0,,,,0,0,0,,,0,0,0,0,0,0,0,0,0,,,0,0,,0,0,0,,,0,0,0,0,0,,0,,0,0,0,0,0,0,0,0,0,0,0,0,0,0,,0,0,0,8,0,0,0,,,17,,,0,0,0,0,0,0,,,0,0,0,0,,0,0,0,0,0,,,0,0,,0,,0,0,0,0,,0,0,0,,0,0,0,0,,0,0,0,,0,0,0,0,116,0,0,,,0,0,0,0,,0,0,0,0,0,0,,,0,0,0,,0,0,0,0,0,,0,0,0,0,0,0,0,0,0,0,,0,0,0,0,0,,,,0,0,,0,46,0,,0,0,0,,,0,0,,203
Guatemala,0,0,0,,,0,0,0,0,,0,0,0,,,0,0,0,0,1,0,,0,0,0,0,1,,0,0,0,0,0,,0,,,,,0,3,2,,,,3,0,0,,,0,0,0,0,0,0,0,0,30,,,0,0,,0,0,2,,,0,0,2,0,0,,0,,0,0,0,0,0,20,0,0,0,0,0,0,0,0,,0,1,0,0,0,0,0,,,7,,,0,0,0,0,0,0,,,0,0,0,0,,0,0,0,0,0,,,0,23,,0,,0,0,0,0,,0,0,0,,0,6,0,0,,0,0,0,,1,0,0,1,0,0,0,,,0,0,0,0,,0,0,0,0,0,0,,,0,0,0,,0,8,0,0,0,,0,0,0,0,0,1,0,0,0,0,,0,0,0,0,0,,,,0,0,,0,14,0,,0,0,0,,,0,0,,129
Guinea,0,0,0,,,0,0,0,0,,0,0,0,,,0,0,0,5,0,1,,0,0,0,0,1,,0,0,0,0,0,,0,,,,,0,0,0,,,,0,1,0,,,0,0,0,0,0,0,0,0,0,,,0,0,,0,0,18,,,1,0,3,0,0,,0,,0,0,1,0,0,0,0,0,0,0,0,0,0,0,,0,0,0,0,0,0,0,,,0,,,0,0,0,8,0,77,,,0,0,0,0,,0,0,0,5,0,,,0,0,,0,,0,0,0,0,,0,0,0,,0,0,0,11,,0,0,0,,0,0,0,0,0,0,0,,,0,0,0,0,,0,1,10,0,0,25,,,0,0,0,,0,0,0,0,0,,0,0,0,0,0,0,0,0,0,0,,1,0,0,0,0,,,,0,0,,0,1,0,,0,0,0,,,0,0,,170
Guinea-Bissau,0,0,0,,,0,0,0,0,,0,0,0,,,0,0,0,0,0,0,,0,0,0,0,0,,0,0,0,0,0,,0,,,,,0,0,0,,,,0,0,0,,,0,0,0,0,0,0,0,0,0,,,0,0,,0,0,1,,,1,0,0,0,0,,0,,0,1,0,0,0,0,0,0,0,0,0,0,0,0,,0,0,0,0,0,0,0,,,0,,,0,0,0,0,0,0,,,0,0,0,0,,0,0,0,0,0,,,0,0,,0,,0,0,0,0,,0,0,0,,0,0,0,0,,0,0,0,,0,0,0,0,0,0,1,,,0,0,0,0,,0,0,15,0,0,0,,,0,0,0,,0,0,0,0,0,,0,0,0,0,0,0,0,0,0,0,,0,0,0,0,0,,,,0,0,,0,0,0,,0,0,0,,,0,0,,18
Guyana,0,0,0,,,0,0,0,0,,0,0,0,,,0,0,0,0,0,0,,0,0,0,0,4,,0,0,0,0,0,,0,,,,,0,5,0,,,,0,0,0,,,0,0,0,0,0,0,0,0,0,,,0,0,,0,0,0,,,0,0,0,0,0,,0,,0,0,0,0,0,0,0,0,0,0,0,0,0,0,,0,0,0,0,0,0,0,,,0,,,0,0,0,0,0,0,,,0,0,0,0,,0,0,0,0,0,,,0,0,,0,,0,0,0,0,,0,0,0,,0,0,0,0,,0,0,0,,0,0,0,0,0,0,0,,,0,0,0,0,,0,0,0,0,0,0,,,0,0,0,,0,0,0,0,0,,0,0,0,0,0,0,0,0,0,0,,0,0,0,0,0,,,,0,0,,1,2,0,,0,0,0,,,0,0,,13
Haiti,0,0,0,,,0,0,0,0,,0,0,0,,,0,0,0,0,0,0,,0,0,0,0,0,,0,0,0,0,0,,0,,,,,0,0,0,,,,0,0,0,,,0,0,0,0,0,27,0,0,0,,,0,0,,0,0,0,,,0,0,0,0,0,,0,,0,0,0,0,0,0,0,0,0,0,0,0,0,0,,0,0,1,0,0,0,0,,,0,,,0,0,0,0,0,0,,,0,0,0,0,,0,0,0,0,0,,,0,0,,0,,0,0,0,0,,0,0,0,,0,0,0,0,,0,0,0,,0,0,0,0,0,0,0,,,0,0,0,0,,0,0,0,0,0,0,,,0,0,0,,0,0,0,0,0,,0,0,0,0,0,0,0,0,0,0,,0,0,0,0,0,,,,0,0,,0,17,0,,0,0,0,,,0,0,,47
Honduras,0,0,0,,,0,0,0,0,,0,0,0,,,0,0,0,0,0,0,,0,0,0,0,0,,0,0,0,0,0,,0,,,,,0,2,1,,,,2,0,0,,,0,0,0,0,0,0,1,0,11,,,0,0,,0,0,1,,,0,0,1,0,0,,0,,9,0,0,0,0,0,0,0,0,0,0,0,0,0,,0,0,0,0,0,0,0,,,0,,,0,0,0,0,0,0,,,0,0,0,0,,0,0,0,0,0,,,0,2,,0,,0,0,0,0,,0,0,0,,0,4,0,0,,0,0,0,,1,0,0,0,0,0,0,,,0,0,0,0,,0,0,0,0,0,0,,,0,0,0,,0,3,0,0,0,,0,0,0,0,0,0,0,0,0,0,,0,0,0,0,0,,,,0,0,,0,9,0,,0,0,0,,,0,0,,50
"Hong Kong SAR, China",0,0,0,,,0,0,0,0,,0,0,0,,,0,0,0,0,0,0,,0,0,0,0,0,,0,0,0,0,0,,0,,,,,0,"17,338",0,,,,0,0,0,,,0,0,0,0,0,0,0,0,0,,,0,0,,0,0,0,,,0,0,0,0,0,,0,,0,0,0,0,0,0,0,0,0,0,0,0,0,0,,0,0,0,0,0,0,0,,,0,,,0,0,0,0,0,0,,,0,0,83,0,,0,0,0,0,0,,,0,0,,0,,0,0,0,0,,0,0,0,,0,0,0,0,,0,0,0,,0,0,0,0,0,0,0,,,0,0,0,0,,0,0,0,0,0,0,,,0,0,0,,0,0,0,0,0,,0,0,0,0,0,0,0,0,0,0,,0,0,0,0,0,,,,0,0,,0,0,0,,0,0,0,,,0,0,,"17,421"
Hungary,0,0,1,,,0,0,0,0,,3,35,0,,,0,0,0,27,0,0,,0,0,0,0,1,,2,0,0,0,0,,0,,,,,0,32,0,,,,0,0,2,,,0,3,2,0,0,0,0,2,0,,,0,0,,0,2,38,,,0,0,111,0,1,,0,,0,0,0,0,0,0,0,0,0,1,0,0,0,0,,1,6,0,1,1,0,0,,,1,,,0,0,0,3,0,0,,,0,2,0,0,,0,0,0,0,0,,,0,0,,0,,4,8,0,0,,0,0,4,,0,0,0,6,,3,0,0,,0,0,0,0,0,8,0,,,251,0,0,0,,0,0,0,0,0,0,,,10,0,0,,0,5,0,0,0,,0,0,0,0,3,14,2,0,0,0,,0,0,0,0,0,,,,0,5,,6,9,0,,0,0,6,,,0,0,,627
Iceland,0,0,0,,,0,0,0,0,,1,1,0,,,0,0,0,4,0,0,,0,0,0,0,0,,0,0,0,0,0,,0,,,,,0,3,0,,,,0,0,0,,,0,1,24,0,0,0,0,0,0,,,0,0,,0,1,7,,,0,0,10,0,0,,0,,0,0,0,0,0,0,0,1,0,2,1,0,0,0,,0,1,0,0,0,0,0,,,0,,,0,0,0,1,0,0,,,1,5,0,0,,0,0,0,0,0,,,0,0,,0,,0,0,0,0,,0,0,1,,0,0,0,2,,8,0,0,,0,0,0,0,9,9,0,,,0,1,0,0,,0,0,0,0,0,0,,,0,0,0,,0,3,1,0,0,,0,0,0,0,8,1,0,0,0,7,,0,0,0,0,0,,,,0,0,,3,7,0,,0,0,2,,,0,0,,127
India,1,0,0,,,0,0,0,0,,2,0,0,,,"5,682",0,0,0,0,0,,2,0,0,0,0,,0,0,0,0,0,,0,,,,,0,147,0,,,,0,0,0,,,0,0,0,0,0,0,0,0,0,,,0,0,,0,0,13,,,0,0,9,0,0,,0,,0,0,0,0,0,0,0,0,0,0,2,1,0,0,,0,0,0,2,0,0,3,,,0,,,0,0,0,0,0,0,,,0,0,0,0,,0,9,0,0,0,,,0,0,,0,,0,0,0,0,,0,"1,391",0,,0,0,0,9,,0,0,"1,916",,0,0,0,0,0,0,0,,,0,0,0,0,,0,6,0,0,0,0,,,0,0,0,,0,0,329,0,0,,0,0,0,0,0,0,0,0,0,0,,0,0,0,0,0,,,,1,0,,9,6,0,,0,0,1,,,0,0,,"9,544"
Indonesia,0,0,0,,,0,0,0,0,,0,0,0,,,0,0,0,0,0,0,,0,0,0,0,0,,0,0,0,0,0,,0,,,,,0,440,0,,,,0,0,0,,,0,0,0,0,0,0,0,0,0,,,0,0,,0,0,0,,,0,0,0,0,0,,0,,0,0,0,0,0,0,0,0,0,0,0,0,0,0,,0,0,0,0,0,0,0,,,0,,,0,0,0,0,0,0,,,0,0,0,0,,0,0,0,0,0,,,0,0,,0,,0,0,0,0,,0,0,0,,0,0,0,0,,0,0,0,,0,0,0,0,0,0,0,,,0,0,0,0,,0,0,0,0,0,0,,,0,0,0,,0,0,0,0,0,,0,0,0,0,0,0,0,0,0,0,,0,0,0,0,0,,,,0,0,,12,0,0,,0,0,0,,,0,0,,452
"Iran, Islamic Rep.",305,0,0,,,0,0,0,2,,0,0,3,,,0,0,0,0,0,0,,0,0,0,0,0,,0,0,0,0,0,,0,,,,,0,0,0,,,,0,0,0,,,0,0,0,0,0,0,0,0,0,,,0,0,,0,0,0,,,0,0,0,0,0,,0,,0,0,0,0,0,0,0,0,0,0,0,0,83,0,,0,0,0,0,0,0,0,,,0,,,0,0,0,0,0,0,,,0,0,0,0,,0,0,0,0,0,,,0,0,,0,,0,0,0,0,,0,0,0,,0,0,0,0,,0,0,39,,0,0,0,0,0,0,0,,,0,0,0,0,,0,0,0,0,0,0,,,0,0,0,,0,0,0,0,0,,0,0,0,0,0,0,0,0,0,0,,0,0,0,0,0,,,,0,0,,0,0,0,,0,0,0,,,0,0,,432
Iraq,0,0,0,,,0,0,0,0,,0,0,0,,,0,0,0,0,0,0,,0,0,0,0,0,,0,0,0,0,0,,0,,,,,0,0,0,,,,0,0,0,,,0,0,0,0,0,0,0,0,0,,,0,0,,0,0,0,,,0,0,1,0,0,,0,,0,0,0,0,0,0,0,0,0,1,0,7,0,0,,0,0,0,0,15,0,0,,,0,,,0,0,0,17,0,0,,,0,0,0,0,,0,0,0,0,0,,,0,0,,0,,0,0,1,0,,0,0,0,,0,0,0,0,,0,0,1,,0,0,0,0,0,0,0,,,0,0,0,0,,0,1,0,0,0,0,,,0,0,0,,0,0,0,0,0,,0,1,0,0,0,0,9,0,0,0,,0,0,0,1,0,,,,0,0,,2,1,0,,0,0,0,,,1,0,,59
Ireland,0,0,3,,,0,0,0,0,,35,5,0,,,10,0,0,45,0,0,,0,0,3,0,25,,2,0,0,0,0,,0,,,,,0,117,1,,,,0,0,2,,,0,39,6,0,0,0,0,6,0,,,9,0,,0,4,151,,,0,0,72,0,1,,0,,2,0,0,0,0,0,1,26,0,80,1,1,0,0,,1,17,1,5,2,0,3,,,2,,,0,0,53,4,0,0,,,172,5,0,0,,0,4,0,0,0,,,1,1,,8,,1,0,1,0,,0,1,12,,5,0,0,609,,4,0,25,,0,0,0,1,73,225,4,,,18,4,0,0,,0,1,0,0,0,0,,,42,1,0,,16,76,1,0,0,,0,1,0,0,6,16,1,0,0,5,,0,0,0,1,0,,,,1,6,,681,83,0,,0,0,6,,,0,1,,"2,858"
Isle of Man,0,0,0,,,0,0,0,0,,0,0,0,,,0,0,0,0,0,0,,0,0,0,0,0,,0,0,0,0,0,,0,,,,,0,0,0,,,,0,0,0,,,0,0,0,0,0,0,0,0,0,,,0,0,,0,0,0,,,0,0,0,0,0,,0,,0,0,0,0,0,0,0,0,0,0,0,0,0,0,,0,0,0,0,0,0,0,,,0,,,0,0,0,0,0,0,,,0,0,0,0,,0,0,0,0,0,,,0,0,,0,,0,0,0,0,,0,0,0,,0,0,0,0,,0,0,0,,0,0,0,0,0,0,0,,,0,0,0,0,,0,0,0,0,0,0,,,0,0,0,,0,0,0,0,0,,0,0,0,0,0,0,0,0,0,0,,0,0,0,0,0,,,,0,0,,0,0,0,,0,0,0,,,0,0,,0
Israel,0,0,72,,,0,0,35,26,,0,23,50,,,0,0,20,0,0,0,,0,0,0,0,0,,18,0,0,0,0,,0,,,,,0,0,0,,,,0,0,0,,,0,80,0,0,0,0,0,129,0,,,18,81,,0,0,463,,,0,30,183,0,19,,0,,0,0,0,0,0,0,0,82,0,126,0,72,30,0,,0,0,0,0,0,5,0,,,0,,,68,0,32,37,0,0,,,81,0,0,0,,0,0,0,0,0,,,0,0,,49,,0,0,555,0,,0,0,0,,0,0,0,0,,0,0,9,,0,0,0,0,0,276,0,,,250,375,0,0,,0,0,0,0,0,0,,,29,0,0,,0,0,0,0,0,,0,0,0,0,0,0,37,131,0,0,,0,0,0,44,11,,,,0,269,,48,0,0,,0,0,0,,,67,0,,"3,932"
Italy,0,433,47,,,0,0,12,1,,10,45,0,,,239,0,2,181,0,2,,0,13,48,0,172,,56,3,0,0,4,,6,,,,,0,"1,433",48,,,,2,14,50,,,0,35,14,0,0,81,218,378,21,,,2,17,,0,6,444,,,2,2,219,12,9,,0,,3,1,0,0,0,4,0,37,0,573,6,9,1,4,,5,0,0,27,21,0,4,,,25,,,1,0,4,114,0,5,,,9,12,0,97,,0,0,0,1,0,,,21,9,,219,,1,0,"1,127",0,,0,3,21,,1,1,1,"1,292",,5,0,182,,1,0,2,227,701,281,11,,,"1,142",15,2,0,,0,0,267,0,2,1,,,33,13,0,,3,188,224,0,0,,0,2,0,0,31,36,11,0,0,26,,8,0,0,376,5,,,,1,194,,59,44,1,,0,2,5,,,0,0,,"12,039"
Jamaica,0,0,0,,,0,0,0,0,,0,0,0,,,0,0,0,0,0,0,,0,0,0,0,0,,0,0,0,0,0,,0,,,,,0,0,0,,,,0,0,0,,,0,0,0,0,0,0,0,0,0,,,0,0,,0,0,0,,,0,0,0,0,0,,0,,0,0,0,0,0,0,0,0,0,5,0,0,0,0,,0,0,0,0,0,0,0,,,0,,,0,0,0,0,0,0,,,0,0,0,0,,0,0,0,0,0,,,0,0,,0,,0,0,0,0,,0,0,0,,0,0,0,0,,0,0,0,,0,0,0,0,0,0,0,,,0,0,0,0,,0,0,0,0,0,0,,,0,0,0,,0,0,0,0,0,,0,0,0,0,0,0,0,0,0,0,,0,0,0,0,0,,,,0,0,,9,15,0,,0,0,0,,,0,0,,28
Japan,0,0,0,,,0,0,3,0,,40,3,0,,,39,0,0,17,0,0,,0,11,0,0,"1,134",,1,0,0,2,0,,0,,,,,0,"4,394",6,,,,1,0,0,,,0,1,3,0,0,2,1,7,0,,,0,0,,0,2,99,,,0,0,25,0,0,,0,,1,0,0,0,0,1,0,2,0,122,82,5,0,1,,1,5,0,0,1,0,1,,,"2,953",,,1,1,0,1,0,0,,,1,1,0,0,,0,6,0,0,0,,,0,4,,0,,38,9,1,0,,0,55,2,,5,0,0,65,,2,0,28,,0,0,5,151,"1,073",2,1,,,4,4,0,0,,0,1,1,0,0,0,,,1,0,0,,1,15,25,0,0,,0,0,0,0,4,9,0,0,0,213,,0,0,0,1,1,,,,1,2,,30,118,0,,0,0,139,,,0,0,,"10,991"
Jordan,0,0,4,,,0,0,0,0,,7,5,0,,,109,0,0,0,0,0,,0,0,0,0,3,,0,0,0,0,0,,0,,,,,0,436,0,,,,0,0,0,,,1,0,0,0,0,0,0,"2,659",0,,,0,0,,0,0,36,,,0,0,25,0,0,,0,,0,0,0,0,0,0,0,24,0,112,189,1,59,0,,21,5,0,3,0,0,0,,,4,,,0,0,0,153,0,0,,,0,0,0,0,,0,2,0,0,0,,,0,0,,0,,0,0,8,0,,0,4,3,,0,0,0,0,,0,13,49,,0,0,0,0,113,0,0,,,3,2,0,0,,0,55,0,0,0,0,,,0,0,0,,0,21,213,0,0,,0,8,0,0,0,13,513,0,0,3,,0,0,0,5,2,,,,0,3,,11,48,0,,0,0,0,,,16,0,,"4,964"
Kazakhstan,0,0,0,,,0,0,0,10,,0,0,49,,,0,0,21,0,0,0,,0,0,0,0,0,,4,0,0,0,0,,0,,,,,0,10,0,,,,0,0,0,,,0,0,0,0,0,0,0,0,0,,,2,0,,0,0,0,,,0,3,736,0,6,,0,,0,0,0,0,0,0,0,0,0,0,0,1,0,0,,0,0,0,0,0,0,0,,,0,,,13,0,2,0,0,0,,,15,0,0,0,,0,0,0,0,0,,,0,0,,18,,0,0,0,0,,0,0,0,,0,0,0,0,,0,0,0,,0,0,0,0,0,53,0,,,0,"1,131",0,0,,0,0,0,0,0,0,,,0,0,0,,0,0,0,0,0,,0,0,0,0,0,0,0,48,0,0,,0,0,0,0,9,,,,0,255,,0,0,0,,0,0,0,,,0,0,,"2,386"
Kenya,0,0,0,,,0,0,0,0,,0,0,0,,,0,0,0,0,0,0,,0,0,0,0,0,,0,0,0,0,0,,0,,,,,0,0,0,,,,0,0,0,,,0,0,0,0,0,0,0,0,0,,,0,11,,0,0,0,,,0,0,0,0,0,,0,,0,0,0,0,0,0,0,0,0,0,0,0,0,0,,0,0,0,0,0,0,0,,,0,,,0,0,0,0,0,0,,,0,0,0,0,,0,0,0,0,0,,,0,0,,0,,0,0,0,0,,0,0,0,,0,0,0,0,,0,0,0,,0,0,0,0,0,0,0,,,0,0,0,0,,0,0,0,0,0,0,,,0,0,0,,0,0,0,0,0,,0,22,0,0,0,0,0,0,15,0,,0,0,0,0,0,,,,515,0,,0,0,0,,0,0,0,,,0,0,,564
Kiribati,0,0,0,,,0,0,0,0,,0,0,0,,,0,0,0,0,0,0,,0,0,0,0,0,,0,0,0,0,0,,0,,,,,0,0,0,,,,0,0,0,,,0,0,0,0,0,0,0,0,0,,,0,0,,0,0,0,,,0,0,0,0,0,,0,,0,0,0,0,0,0,0,0,0,0,0,0,0,0,,0,0,0,0,0,0,0,,,0,,,0,0,0,0,0,0,,,0,0,0,0,,0,0,0,0,0,,,0,0,,0,,0,0,0,0,,0,0,0,,0,0,0,0,,0,0,0,,0,0,0,0,0,0,0,,,0,0,0,0,,0,0,0,0,0,0,,,0,0,0,,0,0,0,0,0,,0,0,0,0,0,0,0,0,0,0,,0,0,0,0,0,,,,0,0,,0,0,0,,0,0,0,,,0,0,,0
"Korea, Dem. Rep.",0,0,0,,,0,0,0,0,,0,0,0,,,0,0,0,0,0,0,,0,0,0,0,0,,0,0,0,0,0,,0,,,,,0,0,0,,,,0,0,0,,,0,0,0,0,0,0,0,0,0,,,0,0,,0,0,0,,,0,0,0,0,0,,0,,0,0,0,0,0,0,0,0,0,0,0,0,0,0,,0,0,0,0,0,0,0,,,0,,,0,0,0,0,0,0,,,0,0,0,0,,0,0,0,0,0,,,0,0,,0,,0,0,0,0,,0,0,0,,0,0,0,0,,0,0,0,,0,0,0,0,0,0,0,,,0,0,0,0,,0,0,0,0,0,0,,,0,0,0,,0,0,0,0,0,,0,0,0,0,0,0,0,0,0,0,,0,0,0,0,0,,,,0,0,,0,0,0,,0,0,0,,,0,0,,0
"Korea, Rep.",0,0,0,,,0,0,0,0,,9,0,0,,,17,0,0,0,0,0,,0,0,0,0,0,,0,0,0,2,0,,0,,,,,0,"1,959",0,,,,0,0,0,,,0,0,0,0,0,0,0,0,0,,,0,0,,0,0,14,,,0,0,5,0,0,,0,,0,0,0,0,0,0,0,0,0,16,48,0,0,0,,0,0,0,36,0,0,0,,,0,,,0,0,0,0,0,0,,,0,0,0,0,,0,1,0,0,0,,,0,0,,0,,115,0,0,0,,0,17,0,,2,0,0,0,,0,0,15,,0,0,0,0,144,0,0,,,0,1,0,0,,0,0,0,0,0,0,,,0,0,0,,0,0,22,0,0,,0,0,0,0,0,0,0,0,0,105,,0,0,0,0,0,,,,0,0,,4,77,0,,0,0,159,,,0,0,,"2,767"
Kosovo,0,0,0,,,0,0,0,0,,0,0,0,,,0,0,0,0,0,0,,0,0,0,0,0,,0,0,0,0,0,,0,,,,,0,0,0,,,,0,0,0,,,0,0,0,0,0,0,0,0,0,,,0,0,,0,0,0,,,0,0,0,0,0,,0,,0,0,0,0,0,0,0,0,0,0,0,0,0,0,,0,0,0,0,0,0,0,,,0,,,0,0,0,0,0,0,,,0,0,0,0,,0,0,0,0,0,,,0,0,,0,,0,0,0,0,,0,0,0,,0,0,0,0,,0,0,0,,0,0,0,0,0,0,0,,,0,0,0,0,,0,0,0,0,0,0,,,0,0,0,,0,0,0,0,0,,0,0,0,0,0,0,0,0,0,0,,0,0,0,0,0,,,,0,0,,0,0,0,,0,0,0,,,0,0,,0
Kuwait,0,0,0,,,0,0,0,0,,0,0,0,,,879,0,0,0,0,0,,0,0,0,0,0,,0,0,0,0,0,,0,,,,,0,0,0,,,,0,0,0,,,0,0,0,0,0,0,0,"1,523",0,,,0,0,,0,0,0,,,0,0,0,0,0,,0,,0,0,0,0,0,0,0,0,0,"2,678",40,104,0,0,,0,0,0,0,0,0,0,,,0,,,0,0,0,0,0,0,,,0,0,0,0,,0,0,0,0,0,,,0,0,,0,,0,0,0,0,,0,0,0,,0,0,0,0,,0,0,425,,0,0,0,0,518,0,0,,,0,0,0,0,,0,0,0,0,0,0,,,0,0,0,,0,0,677,0,0,,0,0,0,0,0,0,348,0,0,0,,0,0,0,0,0,,,,0,0,,0,0,0,,0,0,0,,,0,0,,"7,193"
Kyrgyz Republic,0,0,0,,,0,0,0,0,,0,0,0,,,0,0,0,0,0,0,,0,0,0,0,0,,0,0,0,0,0,,0,,,,,0,0,0,,,,0,0,0,,,0,0,0,0,0,0,0,0,0,,,0,0,,0,0,0,,,0,0,13,0,0,,0,,0,0,0,0,0,0,0,0,0,0,0,0,0,0,,0,0,0,0,0,0,0,,,0,,,0,0,0,0,0,0,,,0,0,0,0,,0,0,0,0,0,,,0,0,,0,,0,0,0,0,,0,0,0,,0,0,0,0,,0,0,0,,0,0,0,0,0,0,0,,,0,45,0,0,,0,0,0,0,0,0,,,0,0,0,,0,0,0,0,0,,0,0,0,0,0,0,0,17,0,0,,0,0,0,0,1,,,,0,6,,0,0,0,,0,0,0,,,0,0,,82
Lao PDR,0,0,0,,,0,0,0,0,,0,0,0,,,0,0,0,0,0,0,,0,0,0,0,0,,0,0,0,0,0,,0,,,,,0,10,0,,,,0,0,0,,,0,0,0,0,0,0,0,0,0,,,0,0,,0,0,0,,,0,0,0,0,0,,0,,0,0,0,0,0,0,0,0,0,0,0,0,0,0,,0,0,0,0,0,0,0,,,0,,,0,0,0,0,0,0,,,0,0,0,0,,0,0,0,0,0,,,0,0,,0,,0,0,0,0,,0,0,0,,0,0,0,0,,0,0,0,,0,0,0,0,0,0,0,,,0,0,0,0,,0,0,0,0,0,0,,,0,0,0,,0,0,0,0,0,,0,0,0,0,0,0,0,0,0,4,,0,0,0,0,0,,,,0,0,,0,0,0,,0,0,18,,,0,0,,31
Latvia,0,0,0,,,0,0,0,5,,0,0,7,,,0,0,4,0,0,0,,0,0,0,0,0,,0,0,0,0,0,,0,,,,,0,0,0,,,,0,0,0,,,0,0,3,0,0,0,0,0,0,,,8,0,,0,2,0,,,0,4,6,0,0,,0,,0,0,0,0,0,0,0,0,0,1,0,0,0,0,,1,0,0,0,0,1,0,,,0,,,8,0,0,6,0,0,,,47,0,0,0,,0,0,0,0,0,,,0,0,,7,,0,0,0,0,,0,0,0,,0,0,0,0,,0,0,1,,0,0,0,0,0,2,0,,,0,104,0,0,,0,0,0,0,0,0,,,0,0,0,,0,0,2,0,0,,0,0,0,0,2,0,0,15,0,0,,0,0,0,0,0,,,,0,33,,1,4,0,,0,0,0,,,0,0,,274
Lebanon,0,0,0,,,0,0,0,0,,0,0,0,,,0,0,0,0,0,0,,0,0,0,0,0,,0,0,0,0,0,,0,,,,,0,0,0,,,,0,0,0,,,0,0,0,0,0,0,0,0,0,,,0,0,,0,0,0,,,0,0,0,0,0,,0,,0,0,0,0,0,0,0,0,0,0,0,0,0,0,,0,0,0,0,0,0,0,,,0,,,0,0,0,0,0,0,,,0,0,0,0,,0,0,0,0,0,,,0,0,,0,,0,0,0,0,,0,0,0,,0,0,0,0,,0,0,0,,0,0,0,0,0,0,0,,,0,0,0,0,,0,0,0,0,0,0,,,0,0,0,,0,0,0,0,0,,0,0,0,0,0,0,0,0,0,0,,0,0,0,0,0,,,,0,0,,0,0,0,,0,0,0,,,0,0,,0
Lesotho,0,0,0,,,0,0,0,0,,0,0,0,,,0,0,0,0,0,0,,0,0,0,0,0,,0,0,0,0,0,,0,,,,,0,0,0,,,,0,0,0,,,0,0,0,0,0,0,0,0,0,,,0,0,,0,0,0,,,0,0,0,0,0,,0,,0,0,0,0,0,0,0,0,0,0,0,0,0,0,,0,0,0,0,0,0,0,,,0,,,0,0,0,0,0,0,,,0,0,0,0,,0,0,0,0,0,,,0,0,,0,,0,0,0,0,,0,0,0,,0,0,0,0,,0,0,0,,0,0,0,0,0,0,0,,,0,0,0,0,,0,0,0,0,0,0,,,0,0,0,,4,0,0,0,0,,0,0,0,0,0,0,0,0,0,0,,0,0,0,0,0,,,,0,0,,0,0,0,,0,0,0,,,0,0,,4
Liberia,0,0,0,,,0,0,0,0,,0,0,0,,,0,0,0,0,0,0,,0,0,0,0,0,,0,0,0,0,0,,0,,,,,0,0,0,,,,0,1,0,,,0,0,0,0,0,0,0,0,0,,,0,0,,0,0,1,,,0,0,2,2,0,,0,,0,5,0,0,0,0,0,0,0,6,0,0,0,0,,0,0,0,0,0,0,0,,,0,,,0,0,0,27,0,0,,,0,0,0,0,,0,0,0,1,0,,,0,0,,0,,0,0,0,0,,0,0,0,,0,0,0,24,,0,0,0,,0,0,0,0,0,0,0,,,0,0,0,0,,0,0,0,0,0,2,,,0,0,0,,0,1,0,0,0,,0,0,0,0,1,0,0,0,0,0,,0,0,0,0,0,,,,0,0,,1,1,0,,0,0,0,,,0,0,,75
Libya,0,0,0,,,0,0,0,0,,0,0,0,,,0,0,0,0,0,0,,0,0,0,0,0,,0,0,0,0,0,,0,,,,,0,0,0,,,,0,0,0,,,0,0,0,0,0,0,0,"1,452",0,,,0,0,,0,0,0,,,0,0,0,0,0,,0,,0,0,0,0,0,0,0,0,0,0,0,0,0,0,,0,0,0,0,0,0,0,,,0,,,0,0,0,0,0,0,,,0,0,0,0,,0,0,0,0,0,,,0,0,,0,,0,0,0,0,,0,0,0,,0,0,0,0,,0,0,0,,0,0,0,0,0,0,0,,,0,0,0,0,,0,0,0,0,0,0,,,0,0,0,,0,0,0,0,0,,0,0,0,0,0,0,70,0,0,0,,0,0,0,236,0,,,,0,0,,0,0,0,,0,0,0,,,0,0,,"1,758"
Liechtenstein,0,0,0,,,0,0,0,0,,0,12,0,,,0,0,0,0,0,0,,0,0,0,0,0,,0,0,0,0,0,,0,,,,,0,0,0,,,,0,0,0,,,0,0,0,0,0,0,0,0,0,,,0,0,,0,0,1,,,0,0,5,0,0,,0,,0,0,0,0,0,0,0,0,0,0,0,0,0,0,,0,2,0,0,0,0,0,,,0,,,0,0,0,0,0,0,,,0,0,0,0,,0,0,0,0,0,,,0,0,,0,,0,0,0,0,,0,0,0,,0,0,0,0,,0,0,0,,0,0,0,0,0,0,1,,,0,0,0,0,,0,0,0,0,0,0,,,0,0,0,,0,3,0,0,0,,0,0,0,0,0,34,0,0,0,0,,0,0,0,0,0,,,,0,0,,0,0,0,,0,0,0,,,0,0,,60
Lithuania,0,0,0,,,0,0,0,1,,0,0,1,,,0,0,14,0,0,0,,0,0,0,0,0,,0,0,0,0,0,,0,,,,,0,1,0,,,,0,0,0,,,0,0,0,0,0,0,0,0,0,,,2,0,,0,0,1,,,0,1,4,0,0,,0,,0,0,0,0,0,0,0,0,0,0,0,0,0,0,,0,0,0,0,0,0,0,,,0,,,1,0,13,1,0,0,,,0,0,0,0,,0,0,0,0,0,,,0,0,,1,,0,0,0,0,,0,0,0,,0,0,0,0,,0,0,0,,0,0,0,0,0,5,0,,,0,31,0,0,,0,0,0,0,0,0,,,0,0,0,,0,0,0,0,0,,0,0,0,0,0,0,0,1,0,0,,0,0,0,0,0,,,,0,13,,0,1,0,,0,0,0,,,0,0,,96
Luxembourg,0,0,1,,,0,0,0,0,,0,4,0,,,0,0,0,445,0,0,,0,0,3,0,3,,0,0,0,0,0,,4,,,,,0,10,0,,,,0,0,1,,,0,2,9,0,0,1,0,1,0,,,0,0,,0,2,265,,,0,0,67,0,1,,0,,0,0,0,0,0,0,0,2,0,3,0,1,0,1,,0,31,0,1,0,0,0,,,3,,,0,0,0,1,0,0,,,0,0,0,0,,0,0,0,0,0,,,0,0,,0,,0,0,2,0,,0,0,8,,0,0,0,1,,1,0,0,,0,0,0,1,3,3,92,,,1,0,0,0,,0,0,0,0,0,0,,,0,0,0,,0,23,0,0,0,,0,0,0,0,3,8,0,0,0,1,,0,0,0,1,0,,,,0,0,,7,3,0,,0,0,2,,,0,0,,"1,029"
"Macao SAR, China",0,0,0,,,0,0,0,0,,0,0,0,,,0,0,0,0,0,0,,0,0,0,0,0,,0,0,0,0,0,,0,,,,,0,"1,960",0,,,,0,0,0,,,0,0,0,0,0,0,0,0,0,,,0,0,,0,0,0,,,0,0,0,0,0,,0,,0,0,0,0,0,0,10,0,0,0,0,0,0,0,,0,0,0,0,0,0,0,,,0,,,0,0,0,0,0,0,,,0,0,0,0,,0,0,0,0,0,,,0,0,,0,,0,0,0,0,,0,0,0,,0,0,0,0,,0,0,0,,0,0,0,0,64,0,2,,,0,0,0,0,,0,0,0,0,0,0,,,0,0,0,,0,0,0,0,0,,0,0,0,0,0,0,0,0,0,5,,0,0,0,0,0,,,,0,0,,0,0,0,,0,0,0,,,0,0,,"2,041"
"Macedonia, FYR",0,64,0,,,0,0,0,0,,0,0,0,,,0,0,0,0,0,0,,0,0,4,0,0,,0,0,0,0,0,,0,,,,,0,0,0,,,,0,0,0,,,0,0,0,0,0,0,0,0,0,,,0,0,,0,0,0,,,0,0,0,0,0,,0,,0,0,0,0,0,0,0,0,0,0,0,0,0,0,,0,0,0,0,0,0,0,,,0,,,0,0,0,0,0,0,,,0,0,0,0,,0,0,0,0,0,,,0,0,,0,,0,0,0,0,,0,0,0,,0,0,0,0,,0,0,0,,0,0,0,0,0,0,0,,,0,0,0,0,,0,0,0,90,0,0,,,0,0,0,,0,0,0,0,0,,0,0,0,0,0,0,0,0,0,0,,0,0,0,0,3,,,,0,0,,0,0,0,,0,0,0,,,0,0,,161
Madagascar,0,0,5,,,0,0,0,0,,0,0,0,,,0,0,0,2,0,0,,0,0,0,0,0,,0,0,0,0,0,,0,,,,,0,20,0,,,,0,0,0,,,0,0,0,0,0,0,0,0,0,,,0,0,,0,0,137,,,0,0,1,0,0,,0,,0,0,0,0,0,0,0,0,0,19,0,0,0,0,,0,1,0,0,0,0,0,,,0,,,0,0,0,0,0,0,,,0,0,0,0,,0,0,0,0,0,,,1,0,,0,,0,0,0,0,,0,0,0,,0,0,0,0,,0,0,4,,0,0,0,0,0,0,0,,,0,0,0,0,,0,0,0,0,0,0,,,0,0,0,,0,0,0,0,0,,0,0,0,0,0,2,0,0,0,0,,0,0,0,0,0,,,,0,0,,0,0,0,,0,0,0,,,0,0,,192
Malawi,0,0,0,,,0,0,0,0,,0,0,0,,,0,0,0,0,0,0,,0,0,0,0,0,,0,0,0,0,0,,0,,,,,0,0,0,,,,0,0,0,,,0,0,0,0,0,0,0,0,0,,,0,0,,0,0,0,,,0,0,0,0,0,,0,,0,0,0,0,0,0,0,0,0,20,0,0,0,0,,0,0,0,0,0,0,0,,,0,,,0,0,0,0,0,0,,,0,0,0,0,,0,0,0,0,0,,,0,0,,0,,0,0,0,12,,0,0,0,,0,0,0,0,,0,0,0,,0,0,0,0,0,0,0,,,0,0,0,0,,0,0,0,0,0,0,,,0,0,0,,6,0,0,0,0,,0,0,0,0,0,0,0,0,2,0,,0,0,0,0,0,,,,0,0,,0,0,0,,0,0,0,,,0,4,,44
Malaysia,0,0,0,,,0,0,0,0,,25,0,0,,,309,0,0,0,0,0,,0,0,0,0,0,,0,0,0,0,0,,0,,,,,0,786,0,,,,0,0,0,,,0,0,0,0,0,0,0,0,0,,,0,0,,0,0,0,,,0,0,0,0,0,,0,,0,0,0,0,0,0,0,0,0,497,"3,638",0,0,0,,0,0,0,57,0,0,0,,,0,,,0,0,0,0,0,0,,,0,0,0,0,,0,0,0,0,0,,,0,0,,0,,0,0,0,0,,0,0,0,,4,0,0,0,,0,0,37,,0,0,0,0,"1,176",0,0,,,0,0,0,0,,0,0,0,0,0,0,,,0,0,0,,0,0,11,0,0,,0,0,0,0,0,0,0,0,0,354,,0,0,0,0,0,,,,0,0,,22,0,0,,0,0,0,,,0,0,,"6,915"
Maldives,0,0,0,,,0,0,0,0,,0,0,0,,,0,0,0,0,0,0,,0,0,0,0,0,,0,0,0,0,0,,0,,,,,0,0,0,,,,0,0,0,,,0,0,0,0,0,0,0,0,0,,,0,0,,0,0,0,,,0,0,0,0,0,,0,,0,0,0,0,0,0,0,0,0,0,0,0,0,0,,0,0,0,0,0,0,0,,,0,,,0,0,0,0,0,0,,,0,0,0,0,,0,0,0,0,0,,,0,0,,0,,0,0,0,0,,0,0,0,,0,0,0,0,,0,0,0,,0,0,0,0,0,0,0,,,0,0,0,0,,0,0,0,0,0,0,,,0,0,0,,0,0,0,0,0,,0,0,0,0,0,0,0,0,0,0,,0,0,0,0,0,,,,0,0,,0,0,0,,0,0,0,,,0,0,,0
Mali,0,0,1,,,0,0,0,0,,0,0,0,,,0,0,0,0,0,0,,0,0,0,0,0,,0,2,0,0,0,,0,,,,,0,0,0,,,,0,21,0,,,0,0,0,0,0,0,0,0,0,,,0,0,,0,0,29,,,0,0,0,0,0,,0,,0,2,0,0,0,0,0,0,0,0,0,0,0,0,,0,0,0,0,0,0,0,,,0,,,0,0,0,0,0,0,,,0,0,0,0,,0,0,0,0,0,,,0,0,,0,,0,0,0,0,,0,0,0,,0,0,2,21,,0,0,0,,0,0,0,0,0,0,0,,,0,0,0,0,,0,0,18,0,0,0,,,0,0,0,,0,0,0,0,0,,0,0,0,0,0,0,0,0,0,0,,1,0,0,0,0,,,,0,0,,0,0,0,,0,0,0,,,0,0,,96
Malta,0,0,0,,,0,0,0,0,,9,0,0,,,0,0,0,0,0,0,,0,0,0,0,0,,0,0,0,0,0,,0,,,,,0,0,0,,,,0,0,0,,,0,0,0,0,0,0,0,0,0,,,0,0,,0,0,1,,,0,0,2,0,0,,0,,0,0,0,0,0,0,0,0,0,0,0,0,0,0,,0,1,0,0,0,0,0,,,0,,,0,0,0,0,0,0,,,0,0,0,0,,0,0,0,0,0,,,0,0,,0,,0,0,0,0,,0,0,0,,0,0,0,0,,0,0,0,,0,0,0,0,0,0,0,,,0,0,0,0,,0,0,0,0,0,0,,,0,0,0,,0,0,0,0,0,,0,0,0,0,0,0,0,0,0,0,,0,0,0,0,0,,,,0,0,,9,2,0,,0,0,0,,,0,0,,24
Marshall Islands,0,0,0,,,0,0,0,0,,1,0,0,,,0,0,0,0,0,0,,0,0,0,0,0,,0,0,0,0,0,,0,,,,,0,0,0,,,,0,0,0,,,0,0,0,0,0,0,0,0,0,,,0,0,,0,0,0,,,0,0,0,0,0,,0,,0,0,0,0,0,0,0,0,0,0,0,0,0,0,,0,0,0,0,0,0,0,,,0,,,0,0,0,0,0,0,,,0,0,0,0,,0,0,0,0,0,,,0,0,,0,,0,0,0,0,,0,0,0,,0,0,0,0,,0,0,0,,0,0,0,0,0,0,0,,,0,0,0,0,,0,0,0,0,0,0,,,0,0,0,,0,0,0,0,0,,0,0,0,0,0,0,0,0,0,0,,0,0,0,0,0,,,,0,0,,0,0,0,,0,0,0,,,0,0,,1
Mauritania,0,0,4,,,0,0,0,0,,0,0,0,,,0,0,0,3,0,0,,0,0,0,0,1,,0,0,0,0,0,,0,,,,,0,2,0,,,,0,0,0,,,0,0,0,0,0,0,0,1,0,,,0,0,,0,0,26,,,0,0,0,0,0,,0,,0,1,1,0,0,0,0,0,0,0,0,0,0,0,,0,0,0,0,0,0,0,,,1,,,0,0,0,2,0,0,,,0,0,0,0,,0,0,0,5,0,,,0,0,,0,,0,0,1,0,,0,0,0,,0,0,0,0,,0,0,0,,0,0,0,0,0,0,0,,,0,0,0,0,,0,1,102,0,0,0,,,0,0,0,,0,1,0,0,0,,0,0,0,0,0,0,0,0,0,0,,0,0,0,1,0,,,,0,0,,0,0,0,,0,0,0,,,0,0,,153
Mauritius,0,0,0,,,0,0,0,0,,2,0,0,,,0,0,0,0,0,0,,0,0,0,0,0,,0,0,0,0,0,,0,,,,,0,98,0,,,,0,0,0,,,0,0,0,0,0,0,0,0,0,,,0,0,,0,0,51,,,0,0,8,0,0,,0,,0,0,0,0,0,0,0,0,0,31,0,0,0,0,,0,2,0,0,0,0,0,,,0,,,0,0,0,0,0,0,,,0,0,0,0,,0,0,0,0,0,,,0,0,,0,,0,0,0,0,,0,0,0,,0,0,0,0,,0,0,0,,0,0,0,0,0,0,0,,,0,0,0,0,,0,0,0,0,0,0,,,0,0,0,,3,0,0,0,0,,0,0,0,0,0,0,0,0,0,0,,0,0,0,0,0,,,,0,0,,5,0,0,,0,0,0,,,0,0,,201
Mayotte,0,0,0,,,0,0,0,0,,0,0,0,,,0,0,0,0,0,0,,0,0,0,0,0,,0,0,0,0,0,,0,,,,,0,0,0,,,,0,0,0,,,0,0,0,0,0,0,0,0,0,,,0,0,,0,0,0,,,0,0,0,0,0,,0,,0,0,0,0,0,0,0,0,0,0,0,0,0,0,,0,0,0,0,0,0,0,,,0,,,0,0,0,0,0,0,,,0,0,0,0,,0,0,0,0,0,,,0,0,,0,,0,0,0,0,,0,0,0,,0,0,0,0,,0,0,0,,0,0,0,0,0,0,0,,,0,0,0,0,,0,0,0,0,0,0,,,0,0,0,,0,0,0,0,0,,0,0,0,0,0,0,0,0,0,0,,0,0,0,0,0,,,,0,0,,0,0,0,,0,0,0,,,0,0,,0
Mexico,0,0,0,,,0,0,6,0,,1,4,0,,,0,0,0,26,2,0,,0,3,0,0,11,,0,0,0,0,0,,0,,,,,0,17,16,,,,12,0,0,,,0,2,2,0,0,4,4,1,18,,,0,0,,0,0,93,,,0,0,34,0,0,,0,,139,0,0,0,1,20,0,2,0,3,0,0,0,0,,2,11,0,13,0,0,0,,,12,,,0,0,0,17,0,0,,,0,1,0,0,,0,0,0,0,0,,,0,0,,0,,0,0,0,0,,0,0,2,,0,4,0,1,,1,0,0,,6,0,1,12,2,3,1,,,0,1,0,0,,0,0,0,0,0,0,,,0,0,0,,0,253,0,0,0,,0,0,0,0,2,18,1,0,0,0,,0,0,0,0,0,,,,0,0,,7,"1,142",1,,0,1,0,,,0,0,,"1,940"
"Micronesia, Fed. Sts.",0,0,0,,,0,0,0,0,,0,0,0,,,0,0,0,0,0,0,,0,0,0,0,0,,0,0,0,0,0,,0,,,,,0,0,0,,,,0,0,0,,,0,0,0,0,0,0,0,0,0,,,0,0,,0,0,0,,,0,0,0,0,0,,0,,0,0,0,0,0,0,0,0,0,0,0,0,0,0,,0,0,0,0,0,0,0,,,0,,,0,0,0,0,0,0,,,0,0,0,0,,0,0,0,0,0,,,0,0,,0,,0,0,0,0,,0,0,0,,0,0,0,0,,0,0,0,,0,0,0,0,0,0,0,,,0,0,0,0,,0,0,0,0,0,0,,,0,0,0,,0,0,0,0,0,,0,0,0,0,0,0,0,0,0,0,,0,0,0,0,0,,,,0,0,,0,2,0,,0,0,0,,,0,0,,2
Moldova,0,0,0,,,0,0,0,0,,0,0,0,,,0,0,1,0,0,0,,0,0,0,0,0,,50,0,0,0,0,,0,,,,,0,0,0,,,,0,0,0,,,0,0,0,0,0,0,0,0,0,,,0,0,,0,0,0,,,0,0,0,0,0,,0,,0,0,0,0,0,0,0,0,0,0,0,0,0,0,,0,0,0,0,0,0,0,,,0,,,0,0,0,0,0,0,,,0,0,0,0,,0,0,0,0,0,,,0,0,,0,,0,0,0,0,,0,0,0,,0,0,0,0,,0,0,0,,0,0,0,0,0,0,0,,,0,75,0,0,,0,0,0,0,0,0,,,0,0,0,,0,0,0,0,0,,0,0,0,0,0,0,0,0,0,0,,0,0,0,0,0,,,,0,166,,0,0,0,,0,0,0,,,0,0,,292
Monaco,0,0,0,,,0,0,0,0,,0,0,0,,,0,0,0,17,0,0,,0,0,0,0,0,,0,0,0,0,0,,0,,,,,0,0,0,,,,0,0,0,,,0,0,0,0,0,0,0,0,0,,,0,0,,0,0,103,,,0,0,0,0,0,,0,,0,0,0,0,0,0,0,0,0,0,0,0,0,0,,0,11,0,0,0,0,0,,,0,,,0,0,0,0,0,0,,,0,0,0,0,,0,0,0,0,0,,,0,0,,0,,0,0,0,0,,0,0,0,,0,0,0,0,,0,0,0,,0,0,0,0,0,0,0,,,0,0,0,0,,0,0,0,0,0,0,,,0,0,0,,0,0,0,0,0,,0,0,0,0,0,0,0,0,0,0,,0,0,0,0,0,,,,0,0,,3,1,0,,0,0,0,,,0,0,,135
Mongolia,0,0,0,,,0,0,0,0,,0,0,0,,,0,0,0,0,0,0,,0,0,0,0,0,,0,0,0,0,0,,0,,,,,0,14,0,,,,0,0,0,,,0,0,0,0,0,0,0,0,0,,,0,0,,0,0,0,,,0,0,0,0,0,,0,,0,0,0,0,0,0,0,0,0,0,0,0,0,0,,0,0,0,0,0,0,0,,,2,,,0,0,0,0,0,0,,,0,0,0,0,,0,0,0,0,0,,,0,0,,0,,0,0,0,0,,0,0,0,,0,0,0,0,,0,0,0,,0,0,0,0,0,0,0,,,0,2,0,0,,0,0,0,0,0,0,,,0,0,0,,0,0,0,0,0,,0,0,0,0,0,0,0,0,0,0,,0,0,0,0,0,,,,0,0,,0,0,0,,0,0,0,,,0,0,,18
Montenegro,0,0,0,,,0,0,0,0,,0,0,0,,,0,0,0,0,0,0,,0,0,0,0,0,,0,0,0,0,0,,0,,,,,0,0,0,,,,0,0,0,,,0,0,0,0,0,0,0,0,0,,,0,0,,0,0,0,,,0,0,0,0,0,,0,,0,0,0,0,0,0,0,0,0,0,0,0,0,0,,0,0,0,0,0,0,0,,,0,,,0,0,0,0,0,0,,,0,0,0,0,,0,0,0,0,0,,,0,0,,0,,0,0,0,0,,0,0,0,,0,0,0,0,,0,0,0,,0,0,0,0,0,0,0,,,0,0,0,0,,0,0,0,0,0,0,,,0,0,0,,0,0,0,0,0,,0,0,0,0,0,0,0,0,0,0,,0,0,0,0,0,,,,0,0,,0,0,0,,0,0,0,,,0,0,,0
Morocco,0,0,0,,,0,0,0,0,,0,0,0,,,0,0,0,0,0,0,,0,0,0,0,0,,0,0,0,0,0,,0,,,,,0,0,0,,,,0,0,0,,,0,0,0,0,0,0,0,0,0,,,0,0,,0,0,0,,,0,0,0,0,0,,0,,0,0,0,0,0,0,0,0,0,0,0,0,0,0,,0,0,0,0,0,0,0,,,0,,,0,0,0,0,0,0,,,0,0,0,0,,0,0,0,0,0,,,0,0,,0,,0,0,0,0,,0,0,0,,0,0,0,0,,0,0,0,,0,0,0,0,0,0,0,,,0,0,0,0,,0,0,0,0,0,0,,,0,0,0,,0,0,0,0,0,,0,0,0,0,0,0,0,0,0,0,,0,0,0,0,0,,,,0,0,,0,0,0,,0,0,0,,,0,0,,0
Mozambique,0,0,0,,,0,0,0,0,,0,0,0,,,0,0,0,0,0,0,,0,0,0,0,0,,0,0,0,0,0,,14,,,,,0,0,0,,,,0,0,0,,,0,0,0,0,0,0,0,0,0,,,0,0,,0,0,0,,,0,0,0,0,0,,0,,0,0,0,0,0,0,0,0,0,42,0,0,0,0,,0,0,0,0,0,0,0,,,0,,,0,0,0,0,31,0,,,0,0,0,0,,1,0,0,0,0,,,0,0,,0,,0,0,0,0,,6,0,0,,0,0,0,0,,0,0,15,,0,0,0,0,0,0,112,,,0,0,0,0,,0,0,0,0,0,0,,,0,0,0,,187,0,0,0,0,,0,0,0,1,0,0,0,0,3,0,,0,0,0,0,0,,,,0,0,,0,0,0,,0,0,0,,,0,1,,413
Myanmar,0,0,0,,,0,0,0,0,,0,0,0,,,2,0,0,0,0,0,,0,0,0,0,0,,0,0,0,0,0,,0,,,,,0,233,0,,,,0,0,0,,,0,0,0,0,0,0,0,0,0,,,0,0,,0,0,0,,,0,0,0,0,0,,0,,0,0,0,0,0,0,0,0,0,112,0,0,0,0,,0,0,0,0,0,0,0,,,0,,,0,0,0,0,0,0,,,0,0,0,0,,0,0,0,0,0,,,0,0,,0,,0,0,0,0,,0,0,0,,0,0,0,0,,0,0,6,,0,0,0,0,0,0,0,,,0,0,0,0,,0,0,0,0,0,0,,,0,0,0,,0,0,0,0,0,,0,0,0,0,0,0,0,0,0,0,,0,0,0,0,0,,,,0,0,,0,0,0,,0,0,0,,,0,0,,352
Namibia,0,0,0,,,0,0,0,0,,0,0,0,,,0,0,0,0,0,0,,0,0,0,3,0,,0,0,0,0,0,,0,,,,,0,0,0,,,,0,0,0,,,0,0,0,0,0,0,0,0,0,,,0,0,,0,0,0,,,0,0,0,0,0,,0,,0,0,0,0,0,0,0,0,0,0,0,0,0,0,,0,0,0,0,0,0,0,,,0,,,0,0,0,0,0,0,,,0,0,0,0,,0,0,0,0,0,,,0,0,,0,,0,0,0,0,,0,0,0,,0,0,0,0,,0,0,0,,0,0,0,0,0,0,0,,,0,0,0,0,,0,0,0,0,0,0,,,0,0,0,,43,0,0,0,0,,0,0,0,0,0,0,0,0,0,0,,0,0,0,0,0,,,,0,0,,0,0,0,,0,0,0,,,0,3,,48
Nepal,0,0,0,,,0,0,0,0,,7,0,0,,,1,0,0,0,0,0,,7,0,0,0,0,,0,0,0,0,0,,0,,,,,0,62,0,,,,0,0,0,,,0,0,0,0,0,0,0,0,0,,,0,0,,0,0,0,,,0,0,0,0,0,,0,,0,0,0,0,0,0,0,0,0,"2,929",0,0,0,0,,0,0,0,0,0,0,0,,,0,,,0,0,0,0,0,0,,,0,0,0,0,,0,0,1,0,0,,,0,0,,0,,0,0,0,0,,0,0,0,,1,0,0,0,,0,0,34,,0,0,0,0,0,0,0,,,0,0,0,0,,0,0,0,0,0,0,,,0,0,0,,0,0,1,0,0,,0,0,0,0,0,0,0,0,0,0,,0,0,0,0,0,,,,0,0,,0,0,0,,0,0,0,,,0,0,,"3,044"
Netherlands,10,1,6,,,0,0,2,3,,36,34,4,,,4,0,0,"1,164",0,0,,0,1,1,0,44,,10,0,1,1,1,,13,,,,,0,277,27,,,,3,1,0,,,0,18,16,0,0,26,4,51,1,,,4,10,,0,6,230,,,1,1,496,3,8,,0,,3,1,0,2,2,2,5,34,0,93,497,25,11,4,,9,37,2,18,5,0,6,,,31,,,0,0,8,39,0,5,,,19,29,0,0,,0,3,0,0,0,,,1,5,,0,,3,0,430,0,,0,7,0,,5,1,0,151,,10,1,35,,1,0,0,8,53,104,23,,,13,3,2,0,,0,2,3,0,0,3,,,7,0,0,,18,155,30,0,0,,0,3,4,0,9,50,18,1,1,58,,2,0,0,14,51,,,,3,2,,80,52,0,,0,1,48,,,1,0,,"4,885"
Netherlands Antilles,0,0,0,,,0,1,0,0,,0,0,0,,,0,0,0,0,0,0,,0,0,0,0,0,,0,0,0,0,0,,0,,,,,0,0,5,,,,0,0,0,,,0,0,0,0,0,29,0,0,0,,,0,0,,0,0,2,,,0,0,0,0,0,,0,,0,0,0,1,2,0,0,0,0,0,0,0,0,0,,0,0,2,1,0,0,0,,,0,,,0,0,0,12,0,0,,,0,0,0,0,,0,0,0,0,0,,,0,0,,0,,0,0,0,0,,0,0,16,,0,0,0,0,,0,0,0,,0,0,0,0,0,0,2,,,0,0,0,0,,0,0,0,0,0,0,,,0,0,0,,0,0,0,1,0,,0,0,0,0,0,0,0,0,0,0,,0,0,0,0,0,,,,0,0,,0,3,0,,0,0,0,,,0,0,,80
New Caledonia,0,0,0,,,0,0,0,0,,0,0,0,,,0,0,0,0,0,0,,0,0,0,0,0,,0,0,0,0,0,,0,,,,,0,0,0,,,,0,0,0,,,0,0,0,0,0,0,0,0,0,,,0,0,,2,0,0,,,0,0,0,0,0,,0,,0,0,0,0,0,0,0,0,0,0,3,0,0,0,,0,0,0,0,0,0,0,,,0,,,0,0,0,0,0,0,,,0,0,0,0,,0,0,0,0,0,,,0,0,,0,,0,0,0,0,,0,0,0,,0,0,0,0,,0,0,0,,0,2,0,0,0,0,0,,,0,0,0,0,,0,0,0,0,0,0,,,0,0,0,,0,0,0,0,0,,0,0,0,0,0,0,0,0,0,0,,0,0,0,0,0,,,,0,0,,0,0,0,,3,0,2,,,0,0,,13
New Zealand,1,0,0,,,0,0,1,0,,247,8,0,,,5,0,0,18,0,0,,0,0,1,0,7,,1,0,0,4,0,,0,,,,,0,589,1,,,,0,0,4,,,0,5,8,0,0,0,0,6,0,,,0,1,,33,1,39,,,0,0,49,0,1,,0,,0,0,0,0,0,0,4,7,0,260,15,3,2,8,,2,3,0,31,2,0,4,,,152,,,0,0,1,5,0,0,,,1,1,0,1,,0,12,0,0,0,,,1,1,,0,,0,0,0,0,,0,3,47,,0,0,0,13,,2,1,7,,0,0,0,1,83,5,0,,,3,2,0,65,,0,1,0,0,0,0,,,1,1,0,,63,4,22,0,0,,0,0,0,0,3,27,1,0,0,33,,0,33,0,0,0,,,,1,1,,459,45,0,,2,0,19,,,0,1,,"2,500"
Nicaragua,0,0,0,,,0,0,0,0,,0,0,0,,,0,0,0,2,0,0,,0,0,0,0,1,,0,0,0,0,0,,0,,,,,0,0,1,,,,27,0,0,,,0,0,0,0,0,0,0,0,7,,,0,0,,0,0,2,,,0,0,2,0,0,,0,,5,0,0,0,0,43,0,0,0,0,0,0,0,0,,0,0,0,0,0,0,0,,,0,,,0,0,0,0,0,0,,,0,0,0,0,,0,0,0,0,0,,,0,2,,0,,0,0,0,0,,0,0,0,,0,0,0,0,,0,0,0,,1,0,0,1,0,0,0,,,0,0,0,0,,0,0,0,0,0,0,,,0,0,0,,0,6,0,0,0,,0,0,0,0,0,1,0,0,0,0,,0,0,0,0,0,,,,0,0,,0,10,0,,0,0,0,,,0,0,,114
Niger,0,0,0,,,0,0,0,0,,0,0,0,,,0,0,0,0,0,8,,0,0,0,0,0,,0,2,0,0,0,,0,,,,,0,0,0,,,,0,0,0,,,0,0,0,0,0,0,0,0,0,,,0,0,,0,0,0,,,0,0,0,0,0,,0,,0,0,0,0,0,0,0,0,0,0,0,0,0,0,,0,0,0,0,0,0,0,,,0,,,0,0,0,0,0,0,,,0,0,0,0,,0,0,0,23,0,,,0,0,,0,,0,0,0,0,,0,0,0,,0,0,0,368,,0,0,0,,0,0,0,0,0,0,0,,,0,0,0,0,,0,0,0,0,0,0,,,0,0,0,,0,0,0,0,0,,0,0,0,0,0,0,0,0,0,0,,9,0,0,0,0,,,,0,0,,0,0,0,,0,0,0,,,0,0,,410
Nigeria,0,0,0,,,0,0,0,0,,4,0,0,,,0,0,0,0,0,75,,0,0,0,0,0,,0,1,0,0,6,,3,,,,,0,0,0,,,,0,1,0,,,0,0,0,0,0,0,0,30,0,,,0,0,,0,0,0,,,5,0,0,21,0,,0,,0,1,1,0,0,0,0,0,0,0,0,0,0,0,,0,0,0,0,0,0,0,,,0,,,0,0,0,0,0,10,,,0,0,0,0,,0,0,0,52,0,,,0,0,,0,,0,0,0,0,,0,0,0,,0,0,29,0,,0,0,0,,0,0,0,0,0,0,0,,,0,0,0,0,,0,0,7,0,0,1,,,0,0,0,,0,0,0,0,0,,0,0,0,0,0,0,0,0,0,0,,80,0,0,0,0,,,,0,0,,0,0,0,,0,0,0,,,0,0,,328
Northern Mariana Islands,0,0,0,,,0,0,0,0,,0,0,0,,,2,0,0,0,0,0,,0,0,0,0,0,,0,0,0,0,0,,0,,,,,0,110,0,,,,0,0,0,,,0,0,0,0,0,0,0,0,0,,,0,0,,0,0,0,,,0,0,0,0,0,,0,,0,0,0,0,0,0,0,0,0,0,0,0,0,0,,0,0,0,3,0,0,0,,,11,,,0,0,0,0,0,0,,,0,0,0,0,,0,0,0,0,0,,,0,0,,0,,0,0,0,0,,0,1,0,,0,0,0,0,,0,0,0,,0,0,0,0,65,0,0,,,0,0,0,0,,0,0,0,0,0,0,,,0,0,0,,0,0,0,0,0,,0,0,0,0,0,0,0,0,0,0,,0,0,0,0,0,,,,0,0,,0,6,0,,0,0,0,,,0,0,,198
Norway,2,0,2,,,0,0,1,0,,6,8,0,,,3,0,0,33,0,0,,0,1,26,0,9,,2,0,0,0,0,,0,,,,,0,57,13,,,,1,0,5,,,0,6,146,0,0,2,2,3,1,,,2,8,,0,29,52,,,3,0,82,1,1,,0,,3,0,0,0,0,1,1,12,4,59,4,17,8,1,,2,5,0,4,1,0,5,,,48,,,0,0,2,24,0,0,,,6,4,0,1,,0,0,0,0,0,,,0,1,,0,,0,0,18,0,,0,3,13,,1,0,0,24,,0,0,78,,0,0,0,3,64,25,2,,,3,5,1,0,,0,0,1,0,0,0,,,2,0,0,,2,23,39,0,0,,0,1,0,0,121,18,4,0,0,46,,0,0,0,3,3,,,,3,1,,38,49,0,,0,0,79,,,0,0,,"1,401"
Oman,0,0,0,,,0,0,0,0,,0,0,0,,,451,0,0,0,0,0,,0,0,0,0,0,,0,0,0,0,0,,0,,,,,0,0,0,,,,0,0,0,,,0,0,0,0,0,0,0,162,0,,,0,0,,0,0,6,,,0,0,0,0,0,,0,,0,0,0,0,0,0,0,0,0,"2,375",0,0,0,0,,0,0,0,0,61,0,0,,,0,,,0,0,0,0,0,0,,,0,0,0,0,,0,0,0,0,0,,,0,0,,0,,0,0,0,0,,0,0,3,,0,0,0,0,,0,0,249,,0,0,0,0,73,0,0,,,0,0,0,0,,0,0,0,0,0,0,,,0,0,0,,0,0,109,0,0,,0,7,0,0,0,0,0,0,0,0,,0,0,0,0,0,,,,0,0,,19,0,0,,0,0,0,,,0,0,,"3,513"
Pakistan,0,0,0,,,0,0,0,0,,0,0,0,,,0,0,0,0,0,0,,0,0,0,0,0,,0,0,0,0,0,,0,,,,,0,0,0,,,,0,0,0,,,0,0,0,0,0,0,0,0,0,,,0,0,,0,0,0,,,0,0,0,0,0,,0,,0,0,0,0,0,0,0,0,0,0,0,0,0,0,,0,0,0,0,0,0,0,,,0,,,0,0,0,0,0,0,,,0,0,0,0,,0,0,0,0,0,,,0,0,,0,,0,0,0,0,,0,0,0,,0,0,0,0,,0,0,0,,0,0,0,0,0,0,0,,,0,0,0,0,,0,0,0,0,0,0,,,0,0,0,,0,0,0,0,0,,0,0,0,0,0,0,0,0,0,0,,0,0,0,0,0,,,,0,0,,0,0,0,,0,0,0,,,0,0,,0
Palau,0,0,0,,,0,0,0,0,,0,0,0,,,0,0,0,0,0,0,,0,0,0,0,0,,0,0,0,0,0,,0,,,,,0,0,0,,,,0,0,0,,,0,0,0,0,0,0,0,0,0,,,0,0,,0,0,0,,,0,0,0,0,0,,0,,0,0,0,0,0,0,0,0,0,0,0,0,0,0,,0,0,0,1,0,0,0,,,1,,,0,0,0,0,0,0,,,0,0,0,0,,0,0,0,0,0,,,0,0,,0,,0,0,0,0,,0,0,0,,0,0,0,0,,0,0,0,,0,0,0,0,10,0,0,,,0,0,0,0,,0,0,0,0,0,0,,,0,0,0,,0,0,0,0,0,,0,0,0,0,0,0,0,0,0,0,,0,0,0,0,0,,,,0,0,,0,1,0,,0,0,0,,,0,0,,13
Panama,0,0,0,,,0,0,1,0,,0,0,0,,,0,0,0,2,0,0,,0,0,0,0,4,,0,0,0,0,0,,0,,,,,0,83,57,,,,26,0,0,,,0,0,0,0,0,25,6,0,7,,,0,0,,0,0,5,,,0,0,3,0,0,,0,,3,0,0,0,0,5,0,0,0,14,0,0,0,0,,1,2,1,1,1,0,0,,,1,,,0,0,0,5,0,0,,,0,0,0,0,,0,0,0,0,0,,,0,6,,0,,0,0,0,0,,0,0,0,,0,8,0,0,,0,0,0,,0,0,0,9,3,0,0,,,0,0,0,0,,0,0,0,0,0,0,,,0,0,0,,0,30,0,0,0,,0,0,0,0,0,2,0,0,0,0,,0,0,0,0,0,,,,0,0,,1,17,0,,0,0,0,,,0,0,,335
Papua New Guinea,0,0,0,,,0,0,0,0,,56,0,0,,,0,0,0,0,0,0,,0,0,0,0,0,,0,0,0,0,0,,0,,,,,0,2,0,,,,0,0,0,,,0,0,0,0,0,0,0,0,0,,,0,0,,0,0,0,,,0,0,3,0,0,,0,,0,0,0,0,0,0,0,0,0,1,1,0,0,0,,0,0,0,1,0,0,0,,,0,,,0,0,0,0,0,0,,,0,0,0,0,,0,0,0,0,0,,,0,0,,0,,0,0,0,0,,0,0,1,,1,0,0,0,,0,0,0,,0,0,0,0,0,0,0,,,0,0,0,0,,0,0,0,0,0,0,,,0,0,0,,0,0,0,0,0,,0,0,0,0,0,0,0,0,0,0,,0,0,0,0,0,,,,0,0,,4,2,0,,0,0,0,,,0,0,,71
Paraguay,0,0,0,,,0,0,40,0,,0,1,0,,,0,0,0,3,0,0,,0,1,0,0,231,,0,0,0,0,0,,0,,,,,0,5,1,,,,0,0,0,,,0,0,0,0,0,0,0,0,0,,,0,0,,0,0,4,,,0,0,7,0,0,,0,,0,0,0,0,0,0,0,0,0,0,0,0,0,0,,0,1,0,6,0,0,0,,,9,,,0,0,0,5,0,0,,,0,0,0,0,,0,0,0,0,0,,,0,3,,0,,0,0,0,0,,0,0,0,,0,0,0,0,,0,0,0,,0,0,0,3,0,1,0,,,0,0,0,0,,0,0,0,0,0,0,,,0,0,0,,0,8,0,0,0,,0,0,0,0,0,2,0,0,0,0,,0,0,0,0,0,,,,0,0,,0,4,1,,0,0,0,,,0,0,,337
Peru,0,0,0,,,0,0,2,0,,0,1,0,,,0,0,0,6,0,0,,0,3,0,0,5,,0,0,0,0,0,,0,,,,,0,16,3,,,,1,0,0,,,0,0,0,0,0,0,2,0,0,,,0,0,,0,0,9,,,0,0,5,0,0,,0,,0,0,0,0,0,0,0,0,0,1,0,0,0,0,,0,4,0,4,0,0,0,,,2,,,0,0,0,1,0,0,,,0,0,0,0,,0,0,0,0,0,,,0,1,,0,,0,0,0,0,,0,0,0,,0,0,0,0,,0,0,0,,0,0,0,0,1,0,0,,,0,0,0,0,,0,0,0,0,0,0,,,0,0,0,,0,21,0,0,0,,0,0,0,0,0,3,0,0,0,0,,0,0,0,0,0,,,,0,0,,1,9,0,,0,0,0,,,0,0,,108
Philippines,0,0,1,,,0,4,1,0,,11,11,0,,,2,0,0,25,0,0,,0,1,0,0,16,,2,0,0,0,0,,0,,,,,0,250,0,,,,0,0,0,,,0,0,5,0,0,3,0,1,0,,,0,0,,0,1,5,,,0,0,9,0,0,,0,,1,0,0,0,0,0,0,1,0,21,12,1,0,0,,1,3,0,23,0,0,0,,,11,,,0,0,0,0,0,0,,,0,0,0,0,,0,0,0,0,0,,,0,0,,0,,0,0,0,0,,0,2,1,,0,0,0,5,,6,0,3,,0,0,0,1,0,0,0,,,0,0,0,0,,0,1,0,0,0,0,,,0,0,0,,0,1,0,0,0,,0,0,0,0,0,4,0,0,0,1,,0,0,0,1,0,,,,0,0,,72,100,0,,0,0,2,,,0,0,,624
Poland,0,0,1,,,0,0,0,3,,2,22,0,,,0,0,45,63,0,0,,0,0,4,0,1,,3,0,0,0,0,,0,,,,,0,5,0,,,,0,0,2,,,0,32,4,0,0,0,0,1,0,,,1,0,,0,1,401,,,0,0,439,0,2,,0,,0,0,0,0,0,0,0,7,0,2,0,0,0,0,,1,7,0,1,1,0,0,,,1,,,0,0,6,3,0,0,,,375,4,0,0,,0,0,0,0,0,,,0,0,,1,,3,0,0,0,,0,0,2,,0,0,0,6,,1,0,0,,0,0,0,0,0,0,0,,,5,30,0,0,,0,0,0,0,0,0,,,6,0,0,,0,7,0,0,0,,0,0,0,0,2,4,1,0,0,0,,0,0,0,0,0,,,,0,342,,5,20,0,,0,0,8,,,0,0,,"1,886"
Portugal,0,0,0,,,0,0,1,0,,6,3,0,,,1,0,0,97,0,0,,0,0,0,0,236,,1,0,0,0,0,,60,,,,,0,22,1,,,,0,0,0,,,0,1,3,0,0,0,1,1,0,,,1,0,,0,1,"1,490",,,0,0,143,0,0,,0,,0,0,17,0,0,0,0,2,0,49,0,0,0,1,,0,5,0,1,0,0,0,,,1,,,0,0,0,1,0,0,,,1,142,5,0,,0,0,0,0,0,,,0,1,,10,,0,0,4,25,,0,0,9,,0,0,0,5,,2,0,3,,0,0,0,1,2,1,0,,,5,2,0,0,,4,0,3,0,0,0,,,0,0,0,,21,163,0,0,0,,0,0,0,0,3,148,0,0,0,0,,0,0,0,0,0,,,,0,16,,24,23,0,,0,8,0,,,0,0,,"2,780"
Puerto Rico,0,0,0,,,0,0,0,0,,0,0,0,,,0,0,0,0,0,0,,0,0,0,0,0,,0,0,0,0,0,,0,,,,,0,0,0,,,,0,0,0,,,0,0,0,0,0,0,0,0,0,,,0,0,,0,0,0,,,0,0,0,0,0,,0,,0,0,0,0,0,0,0,0,0,0,0,0,0,0,,0,0,0,0,0,0,0,,,0,,,0,0,0,0,0,0,,,0,0,0,0,,0,0,0,0,0,,,0,0,,0,,0,0,0,0,,0,0,0,,0,0,0,0,,0,0,0,,0,0,0,0,0,0,0,,,0,0,0,0,,0,0,0,0,0,0,,,0,0,0,,0,0,0,0,0,,0,0,0,0,0,0,0,0,0,0,,0,0,0,0,0,,,,0,0,,0,453,0,,0,0,0,,,0,0,,453
Qatar,0,0,0,,,0,0,0,0,,0,0,0,,,0,0,0,0,0,0,,0,0,0,0,0,,0,0,0,0,0,,0,,,,,0,0,0,,,,0,0,0,,,0,0,0,0,0,0,0,487,0,,,0,0,,0,0,0,,,0,0,0,0,0,,0,,0,0,0,0,0,0,0,0,0,"2,084",0,177,0,0,,0,0,0,0,0,0,0,,,0,,,0,0,0,0,0,0,,,0,0,0,0,,0,0,0,0,0,,,0,0,,0,,0,0,0,0,,0,"1,692",0,,0,0,0,0,,0,0,"1,080",,0,0,0,0,910,0,0,,,0,0,0,0,,0,0,0,0,0,0,,,0,0,0,,0,0,335,0,0,,0,0,0,0,0,0,0,0,0,0,,0,0,0,0,0,,,,0,0,,0,0,0,,0,0,0,,,0,0,,"6,765"
Romania,0,0,0,,,0,0,0,0,,0,0,0,,,0,0,0,0,0,0,,0,0,0,0,0,,23,0,0,0,0,,0,,,,,0,13,0,,,,0,0,3,,,0,0,0,0,0,0,0,0,0,,,0,0,,0,0,0,,,0,0,10,0,4,,0,,0,0,0,0,0,0,0,28,0,0,0,0,0,0,,0,5,0,0,0,0,0,,,0,,,0,0,0,10,0,0,,,0,0,0,0,,0,0,0,0,0,,,0,0,,78,,0,0,0,0,,0,0,0,,0,0,0,0,,0,0,0,,0,0,0,0,0,0,0,,,0,4,0,0,,0,0,0,0,0,0,,,0,0,0,,0,0,0,0,0,,0,0,0,0,0,0,15,0,0,0,,0,0,0,0,1,,,,0,14,,0,3,0,,0,0,0,,,0,0,,211
Russian Federation,0,0,0,,,0,0,0,739,,0,0,"1,194",,,0,0,381,0,0,0,,0,0,0,0,0,,0,0,0,0,0,,0,,,,,0,0,0,,,,0,0,0,,,0,0,0,0,0,0,0,0,0,,,160,0,,0,0,0,,,0,694,0,0,0,,0,,0,0,0,0,0,0,0,0,0,0,0,0,0,0,,0,0,0,0,0,173,0,,,0,,,"1,363",0,256,0,0,0,,,389,0,0,0,,0,0,0,0,0,,,0,0,,610,,0,0,0,0,,0,0,0,,0,0,0,0,,0,0,0,,0,0,0,0,0,0,0,,,0,0,0,0,,0,0,0,0,0,0,,,0,0,0,,0,0,0,0,0,,0,0,0,0,0,0,0,"1,766",0,0,,0,0,0,0,0,,,,0,"3,749",,0,0,0,,0,0,0,,,0,0,,"11,475"
Rwanda,0,0,0,,,0,0,0,0,,0,0,0,,,0,0,0,59,0,0,,0,0,0,0,0,,0,0,4,0,0,,0,,,,,0,0,0,,,,0,0,0,,,0,0,0,0,0,0,0,0,0,,,0,0,,0,0,0,,,0,0,0,0,0,,0,,0,0,0,0,0,0,0,0,0,9,0,0,0,0,,0,0,0,0,0,0,0,,,0,,,0,0,0,0,0,0,,,0,0,0,0,,0,0,0,0,0,,,0,0,,0,,0,0,0,0,,0,0,0,,0,0,0,0,,0,0,0,,0,0,0,0,0,0,0,,,0,0,0,0,,0,0,0,0,0,0,,,0,0,0,,0,0,0,0,0,,0,0,0,0,0,0,0,0,1,0,,0,0,0,0,0,,,,19,0,,0,0,0,,0,0,0,,,0,0,,92
Samoa,0,0,0,,,0,0,0,0,,2,0,0,,,0,0,0,0,0,0,,0,0,0,0,0,,0,0,0,0,0,,0,,,,,0,1,0,,,,0,0,0,,,0,0,0,0,0,0,0,0,0,,,0,0,,0,0,0,,,0,0,0,0,0,,0,,0,0,0,0,0,0,0,0,0,0,0,0,0,0,,0,0,0,0,0,0,0,,,0,,,0,0,0,0,0,0,,,0,0,0,0,,0,0,0,0,0,,,0,0,,0,,0,0,0,0,,0,0,0,,4,0,0,0,,0,0,0,,0,0,0,0,0,0,0,,,0,0,0,0,,0,0,0,0,0,0,,,0,0,0,,0,0,0,0,0,,0,0,0,0,0,0,0,0,0,0,,0,0,0,0,0,,,,0,0,,0,2,0,,0,0,0,,,0,0,,10
San Marino,0,0,0,,,0,0,0,0,,0,0,0,,,0,0,0,0,0,0,,0,0,0,0,0,,0,0,0,0,0,,0,,,,,0,0,0,,,,0,0,0,,,0,0,0,0,0,0,0,0,0,,,0,0,,0,0,0,,,0,0,0,0,0,,0,,0,0,0,0,0,0,0,0,0,0,0,0,0,0,,0,23,0,0,0,0,0,,,0,,,0,0,0,0,0,0,,,0,0,0,0,,0,0,0,0,0,,,0,0,,0,,0,0,0,0,,0,0,0,,0,0,0,0,,0,0,0,,0,0,0,0,0,0,0,,,0,0,0,0,,0,0,0,0,0,0,,,0,0,0,,0,0,0,0,0,,0,0,0,0,0,0,0,0,0,0,,0,0,0,0,0,,,,0,0,,0,0,0,,0,0,0,,,0,0,,23
São Tomé and Principe,0,0,0,,,0,0,0,0,,0,0,0,,,0,0,0,0,0,0,,0,0,0,0,0,,0,0,0,0,0,,1,,,,,0,0,0,,,,0,0,0,,,0,0,0,0,0,0,0,0,0,,,0,0,,0,0,0,,,0,0,0,0,0,,0,,0,0,0,0,0,0,0,0,0,0,0,0,0,0,,0,0,0,0,0,0,0,,,0,,,0,0,0,0,0,0,,,0,0,0,0,,0,0,0,0,0,,,0,0,,0,,0,0,0,0,,0,0,0,,0,0,0,0,,0,0,0,,0,0,0,0,0,0,1,,,0,0,0,0,,0,0,0,0,0,0,,,0,0,0,,0,0,0,0,0,,0,0,0,0,0,0,0,0,0,0,,0,0,0,0,0,,,,0,0,,0,0,0,,0,0,0,,,0,0,,2
Saudi Arabia,4,0,0,,,0,0,0,0,,0,0,0,,,"1,328",0,0,0,0,0,,0,0,0,0,0,,0,0,0,0,0,,0,,,,,0,0,0,,,,0,0,0,,,0,0,0,0,0,0,0,"3,957",0,,,0,25,,0,0,0,,,0,0,0,0,0,,0,,0,0,0,0,0,0,0,0,0,"7,616",807,0,0,0,,0,0,0,0,898,0,0,,,0,,,0,0,0,632,0,0,,,0,0,0,0,,0,0,0,0,0,,,0,0,,0,,0,0,46,0,,0,89,0,,0,0,0,330,,0,0,"2,597",,0,0,0,0,"2,642",0,0,,,0,0,0,0,,0,0,0,0,0,0,,,0,0,0,,0,0,"1,034",0,0,,0,160,0,0,0,0,255,0,0,112,,0,0,0,37,22,,,,0,0,,55,81,0,,0,0,0,,,"1,079",0,,"23,804"
Senegal,0,0,0,,,0,0,0,0,,0,0,0,,,0,0,0,0,0,0,,0,0,0,0,0,,0,0,0,0,0,,6,,,,,0,0,0,,,,0,0,0,,,0,0,0,0,0,0,0,0,0,,,0,0,,0,0,191,,,4,0,0,0,0,,0,,0,10,6,0,0,0,0,0,0,0,0,0,0,0,,0,0,0,0,0,0,0,,,0,,,0,0,0,6,0,0,,,0,0,0,0,,0,0,0,7,0,,,0,0,,0,,0,0,5,0,,0,0,0,,0,0,0,0,,0,0,0,,0,0,0,0,0,0,0,,,0,0,0,0,,0,0,0,0,0,0,,,0,0,0,,0,0,0,0,0,,0,0,0,0,0,0,2,0,0,0,,0,0,0,0,0,,,,0,0,,0,2,0,,0,0,0,,,0,0,,238
Serbia,0,0,0,,,0,0,0,0,,0,0,0,,,0,0,0,0,0,0,,0,0,0,0,0,,0,0,0,0,0,,0,,,,,0,0,0,,,,0,0,0,,,0,0,0,0,0,0,0,0,0,,,0,0,,0,0,0,,,0,0,0,0,0,,0,,0,0,0,0,0,0,0,0,0,0,0,0,0,0,,0,0,0,0,0,0,0,,,0,,,0,0,0,0,0,0,,,0,0,0,0,,0,0,0,0,0,,,0,0,,0,,0,0,0,0,,0,0,0,,0,0,0,0,,0,0,0,,0,0,0,0,0,0,0,,,0,0,0,0,,0,0,0,0,0,0,,,0,0,0,,0,0,0,0,0,,0,0,0,0,0,0,0,0,0,0,,0,0,0,0,0,,,,0,0,,0,0,0,,0,0,0,,,0,0,,0
Seychelles,0,0,0,,,0,0,0,0,,0,0,0,,,0,0,0,0,0,0,,0,0,0,0,0,,0,0,0,0,0,,0,,,,,0,0,0,,,,0,0,0,,,0,0,0,0,0,0,0,0,0,,,0,0,,0,0,0,,,0,0,0,0,0,,0,,0,0,0,0,0,0,0,0,0,0,0,0,0,0,,0,0,0,0,0,0,0,,,0,,,0,0,0,0,0,0,,,0,0,0,0,,0,0,0,0,0,,,0,0,,0,,0,0,0,0,,0,0,0,,0,0,0,0,,0,0,0,,0,0,0,0,0,0,0,,,0,0,0,0,,0,0,0,0,0,0,,,0,0,0,,0,0,0,0,0,,0,0,0,0,0,0,0,0,0,0,,0,0,0,0,0,,,,0,0,,0,0,0,,0,0,0,,,0,0,,0
Sierra Leone,0,0,0,,,0,0,0,0,,0,0,0,,,0,0,0,0,0,0,,0,0,0,0,0,,0,0,0,0,0,,0,,,,,0,0,0,,,,0,0,0,,,0,0,0,0,0,0,0,0,0,,,0,0,,0,0,0,,,2,0,0,0,0,,0,,0,7,0,0,0,0,0,0,0,1,0,0,0,0,,0,0,0,0,0,0,0,,,0,,,0,0,0,9,0,10,,,0,0,0,0,,0,0,0,0,0,,,0,0,,0,,0,0,0,0,,0,0,0,,0,0,0,29,,0,0,0,,0,0,0,0,0,0,0,,,0,0,0,0,,0,0,1,0,0,0,,,0,0,0,,0,0,0,0,0,,0,0,0,0,0,0,0,0,0,0,,0,0,0,0,0,,,,0,0,,1,1,0,,0,0,0,,,0,0,,62
Singapore,0,0,0,,,0,0,0,0,,0,0,0,,,90,0,0,0,0,0,,0,0,0,0,0,,0,0,0,0,0,,0,,,,,0,"4,002",0,,,,0,0,0,,,0,0,0,0,0,0,0,0,0,,,0,0,,0,0,0,,,0,0,0,0,0,,0,,0,0,0,0,0,0,1,0,0,"1,113",386,0,0,0,,0,0,0,0,0,0,0,,,0,,,0,0,0,0,0,0,,,0,0,0,0,,0,873,0,0,0,,,0,0,,0,,0,0,0,0,,0,0,0,,0,0,0,0,,0,0,83,,0,0,0,0,0,0,0,,,0,0,0,0,,0,0,0,0,0,0,,,0,0,0,,0,0,10,0,0,,0,0,0,0,0,0,0,0,0,0,,0,0,0,0,0,,,,0,0,,0,25,0,,0,0,0,,,0,0,,"6,583"
Slovak Republic,0,0,0,,,0,0,0,0,,1,13,0,,,0,0,0,13,0,0,,0,0,0,0,0,,1,0,0,0,0,,0,,,,,0,7,0,,,,0,0,1,,,0,325,1,0,0,0,0,1,0,,,0,0,,0,0,24,,,0,0,12,0,0,,0,,0,0,0,0,0,0,0,70,0,1,0,0,0,0,,1,2,0,1,0,0,0,,,1,,,0,0,0,1,0,0,,,0,0,0,3,,0,0,0,0,0,,,0,0,,0,,0,0,0,0,,0,0,1,,0,0,0,1,,1,0,0,,0,0,0,0,0,10,0,,,4,2,0,0,,0,0,0,0,0,0,,,0,0,0,,0,2,0,0,0,,0,0,0,0,0,4,1,0,0,0,,0,0,0,0,0,,,,0,9,,2,5,0,,0,0,5,,,0,0,,531
Slovenia,0,0,0,,,0,0,0,0,,0,4,0,,,0,0,0,1,0,0,,0,0,107,0,0,,0,0,0,0,0,,0,,,,,0,0,0,,,,0,0,46,,,0,1,0,0,0,0,0,0,0,,,0,0,,0,0,4,,,0,0,6,0,0,,0,,0,0,0,0,0,0,0,1,0,0,0,0,0,0,,0,3,0,0,0,0,0,,,0,,,0,0,0,0,0,0,,,0,0,0,15,,0,0,0,0,0,,,0,0,,0,,0,0,0,0,,0,0,0,,0,0,0,0,,0,0,0,,0,0,0,0,0,0,0,,,1,1,0,0,,0,0,0,0,0,0,,,0,0,0,,0,0,0,0,0,,0,0,0,0,0,1,0,0,0,0,,0,0,0,0,0,,,,0,3,,1,0,0,,0,0,0,,,0,0,,196
Solomon Islands,0,0,0,,,0,0,0,0,,2,0,0,,,0,0,0,0,0,0,,0,0,0,0,0,,0,0,0,0,0,,0,,,,,0,2,0,,,,0,0,0,,,0,0,0,0,0,0,0,0,0,,,0,0,,0,0,0,,,0,0,0,0,0,,0,,0,0,0,0,0,0,0,0,0,0,0,0,0,0,,0,0,0,0,0,0,0,,,0,,,0,0,0,0,0,0,,,0,0,0,0,,0,0,0,0,0,,,0,0,,0,,0,0,0,0,,0,0,0,,0,0,0,0,,0,0,0,,0,0,0,0,1,0,0,,,0,0,0,0,,0,0,0,0,0,0,,,0,0,0,,0,0,0,0,0,,0,0,0,0,0,0,0,0,0,0,,0,0,0,0,0,,,,0,0,,0,0,0,,0,0,0,,,0,0,,8
Somalia,0,0,0,,,0,0,0,0,,0,0,0,,,0,0,0,0,0,0,,0,0,0,0,0,,0,0,0,0,0,,0,,,,,0,0,0,,,,0,0,0,,,0,0,0,0,0,0,0,0,0,,,0,0,,0,0,0,,,0,0,0,0,0,,0,,0,0,0,0,0,0,0,0,0,0,0,0,0,0,,0,0,0,0,0,0,0,,,0,,,0,0,0,0,0,0,,,0,0,0,0,,0,0,0,0,0,,,0,0,,0,,0,0,0,0,,0,0,0,,0,0,0,0,,0,0,0,,0,0,0,0,0,0,0,,,0,0,0,0,,0,0,0,0,0,0,,,0,0,0,,0,0,0,0,0,,0,0,0,0,0,0,0,0,0,0,,0,0,0,0,0,,,,0,0,,0,0,0,,0,0,0,,,0,0,,0
South Africa,0,0,0,,,0,0,0,0,,9,0,0,,,0,0,0,0,0,0,,0,0,0,41,0,,0,0,0,0,0,,0,,,,,0,0,0,,,,0,0,0,,,0,0,0,0,0,0,0,0,0,,,0,0,,0,0,0,,,0,0,0,0,0,,0,,0,0,0,0,0,0,0,0,0,0,0,0,0,0,,0,0,0,0,0,0,0,,,0,,,0,0,0,0,549,0,,,0,0,0,0,,2,0,0,0,0,,,0,0,,0,,0,0,0,71,,0,0,0,,1,0,0,0,,0,0,0,,0,0,0,0,0,0,0,,,0,0,0,0,,0,0,0,0,0,0,,,0,0,0,,0,0,0,0,0,,0,0,0,46,0,0,0,0,0,0,,0,0,0,0,0,,,,0,0,,0,0,0,,0,0,0,,,0,0,,720
Spain,0,2,100,,,0,0,242,20,,22,56,1,,,29,0,2,"1,288",0,0,,0,443,3,0,563,,222,0,0,0,3,,5,,,,,0,"1,009",768,,,,14,1,4,,,0,48,67,0,1,438,"1,179",17,22,,,3,1,,0,35,"2,802",,,28,13,"1,143",4,4,,0,,31,4,5,0,1,124,0,41,1,184,8,5,1,17,,5,185,1,18,13,0,4,,,18,,,0,0,7,39,0,2,,,107,50,0,1,,0,1,0,23,0,,,1,91,,43,,1,0,"1,828",1,,0,4,113,,1,16,0,936,,80,0,153,,13,0,153,453,187,208,265,,,"1,134",33,1,0,,0,1,167,0,0,1,,,28,4,0,,4,0,3,0,0,,0,0,0,0,59,618,13,0,0,9,,1,0,0,8,1,,,,0,98,,704,87,29,,1,43,7,,,0,0,,"19,099"
Sri Lanka,0,0,0,,,0,0,0,0,,2,0,0,,,0,0,0,0,0,0,,0,0,0,0,0,,0,0,0,0,0,,0,,,,,0,2,0,,,,0,0,0,,,0,0,0,0,0,0,0,0,0,,,0,0,,0,0,5,,,0,0,1,0,0,,0,,0,0,0,0,0,0,0,0,0,"1,281",0,0,0,0,,0,0,0,0,0,0,0,,,0,,,0,0,0,0,0,0,,,0,0,0,0,,0,0,0,0,0,,,0,0,,0,,0,0,0,0,,0,0,0,,0,0,0,0,,0,0,0,,0,0,0,0,0,0,0,,,0,0,0,0,,0,0,0,0,0,0,,,0,0,0,,0,0,0,0,0,,0,0,0,0,1,0,0,0,0,0,,0,0,0,0,0,,,,0,0,,1,0,0,,0,0,0,,,0,0,,"1,293"
St. Kitts and Nevis,0,0,0,,,0,0,0,0,,0,0,0,,,0,0,0,0,0,0,,0,0,0,0,0,,0,0,0,0,0,,0,,,,,0,0,0,,,,0,0,0,,,0,0,0,0,0,1,0,0,0,,,0,0,,0,0,0,,,0,0,0,0,0,,0,,0,0,0,0,0,0,0,0,0,0,0,0,0,0,,0,0,0,0,0,0,0,,,0,,,0,0,0,0,0,0,,,0,0,0,0,,0,0,0,0,0,,,0,0,,0,,0,0,0,0,,0,0,0,,0,0,0,0,,0,0,0,,0,0,0,0,0,0,0,,,0,0,0,0,,0,0,0,0,0,0,,,0,0,0,,0,0,0,0,0,,0,0,0,0,0,0,0,0,0,0,,0,0,0,0,0,,,,0,0,,0,2,0,,0,0,0,,,0,0,,5
St. Lucia,0,0,0,,,0,0,0,0,,0,0,0,,,0,1,0,0,0,0,,0,0,0,0,0,,0,0,0,0,0,,0,,,,,0,0,0,,,,0,0,0,,,0,0,0,0,0,0,0,0,0,,,0,0,,0,0,0,,,0,0,0,0,0,,0,,0,0,0,0,0,0,0,0,0,0,0,0,0,0,,0,0,0,0,0,0,0,,,0,,,0,0,0,0,0,0,,,0,0,0,0,,0,0,0,0,0,,,0,0,,0,,0,0,0,0,,0,0,0,,0,0,0,0,,0,0,0,,0,0,0,0,0,0,0,,,0,0,0,0,,0,0,0,0,0,0,,,0,0,0,,0,0,0,0,0,,0,0,0,0,0,0,0,0,0,0,,0,0,0,0,0,,,,0,0,,4,3,0,,0,0,0,,,0,0,,9
St. Vincent and the Grenadines,0,0,0,,,0,0,0,0,,0,0,0,,,0,0,0,0,0,0,,0,0,0,0,0,,0,0,0,0,0,,0,,,,,0,0,0,,,,0,0,0,,,0,0,0,0,0,0,0,0,0,,,0,0,,0,0,0,,,0,0,0,0,0,,0,,0,0,0,0,0,0,0,0,0,0,0,0,0,0,,0,0,0,0,0,0,0,,,0,,,0,0,0,0,0,0,,,0,0,0,0,,0,0,0,0,0,,,0,0,,0,,0,0,0,0,,0,0,0,,0,0,0,0,,0,0,0,,0,0,0,0,0,0,0,,,0,0,0,0,,0,0,0,0,0,0,,,0,0,0,,0,0,0,0,0,,0,0,0,0,0,0,0,0,0,0,,0,0,1,0,0,,,,0,0,,1,1,0,,0,0,0,,,0,0,,5
Sudan,0,0,1,,,0,0,0,0,,0,0,0,,,0,0,0,0,0,0,,0,0,0,0,0,,0,0,0,0,0,,0,,,,,0,3,0,,,,0,0,0,,,0,0,0,0,0,0,0,38,0,,,0,57,,0,0,2,,,0,0,2,0,0,,0,,0,0,0,0,0,0,0,0,0,11,0,0,0,0,,0,0,0,0,2,0,0,,,0,,,0,0,0,2,0,0,,,0,0,0,0,,0,0,0,1,0,,,0,0,,0,,0,0,1,0,,0,0,0,,0,0,0,419,,0,0,1,,0,0,0,0,0,0,0,,,0,0,0,0,,0,1,0,0,0,0,,,0,0,0,,0,0,0,0,0,,0,0,0,0,0,0,1,0,0,0,,0,0,0,1,0,,,,1,0,,1,1,0,,0,0,0,,,3,0,,547
Suriname,0,0,0,,,0,0,0,0,,0,0,0,,,0,0,0,0,0,0,,0,0,0,0,21,,0,0,0,0,0,,0,,,,,0,24,0,,,,0,0,0,,,0,0,0,0,0,0,0,0,0,,,0,0,,0,0,35,,,0,0,0,0,0,,0,,0,0,0,6,1,0,0,0,0,0,0,0,0,0,,0,0,0,0,0,0,0,,,0,,,0,0,0,0,0,0,,,0,0,0,0,,0,0,0,0,0,,,0,0,,0,,0,0,0,0,,0,0,20,,0,0,0,0,,0,0,0,,0,0,0,0,0,0,0,,,0,0,0,0,,0,0,0,0,0,0,,,0,0,0,,0,0,0,0,0,,0,0,0,0,0,0,0,0,0,0,,0,0,0,0,0,,,,0,0,,0,1,0,,0,0,0,,,0,0,,107
Swaziland,0,0,0,,,0,0,0,0,,0,0,0,,,0,0,0,0,0,0,,0,0,0,0,0,,0,0,0,0,0,,0,,,,,0,0,0,,,,0,0,0,,,0,0,0,0,0,0,0,0,0,,,0,0,,0,0,0,,,0,0,0,0,0,,0,,0,0,0,0,0,0,0,0,0,0,0,0,0,0,,0,0,0,0,0,0,0,,,0,,,0,0,0,0,0,0,,,0,0,0,0,,0,0,0,0,0,,,0,0,,0,,0,0,0,3,,0,0,0,,0,0,0,0,,0,0,0,,0,0,0,0,0,0,0,,,0,0,0,0,,0,0,0,0,0,0,,,0,0,0,,13,0,0,0,0,,0,0,0,0,0,0,0,0,0,0,,0,0,0,0,0,,,,0,0,,0,0,0,,0,0,0,,,0,0,,15
Sweden,3,1,4,,,0,0,2,2,,11,38,1,,,15,0,1,40,0,0,,0,5,84,0,18,,6,0,0,0,0,,0,,,,,0,126,21,,,,1,0,13,,,0,30,238,0,0,1,4,13,8,,,38,15,,0,513,84,,,6,0,202,0,11,,0,,4,0,0,0,0,1,0,80,3,95,7,61,32,2,,4,16,1,9,9,0,5,,,53,,,1,0,10,284,0,2,,,10,5,0,4,,0,1,0,0,0,,,0,3,,1,,1,0,16,0,,0,1,12,,1,1,0,31,,197,0,14,,1,0,0,16,44,153,5,,,24,7,0,0,,0,2,1,0,0,0,,,15,3,0,,3,57,22,0,0,,0,1,0,0,0,25,51,1,1,128,,1,0,0,12,10,,,,9,4,,34,37,1,,0,0,56,,,0,0,,"3,261"
Switzerland,1,2,12,,,0,0,4,1,,14,328,0,,,4,0,0,298,0,0,,0,3,77,0,64,,4,0,0,2,2,,2,,,,,0,66,14,,,,2,1,51,,,0,65,23,0,0,22,5,24,1,,,1,3,,0,12,"1,274",,,0,1,880,1,7,,0,,3,0,0,0,2,2,0,76,0,63,10,6,1,2,,4,547,1,15,2,0,6,,,9,,,0,0,1,54,0,1,,,2,49,0,49,,0,1,0,0,0,,,4,6,,1,,2,0,29,0,,0,3,38,,2,1,0,50,,8,0,8,,1,0,1,17,54,30,203,,,12,4,1,0,,0,1,5,0,0,0,,,15,15,0,,8,604,81,0,0,,0,0,0,0,19,0,5,0,0,61,,1,0,0,22,17,,,,2,3,,51,55,0,,0,1,40,,,0,0,,"5,666"
Syrian Arab Republic,0,0,0,,,0,0,0,0,,0,0,0,,,0,0,0,0,0,0,,0,0,0,0,0,,0,0,0,0,0,,0,,,,,0,0,0,,,,0,0,0,,,0,0,0,0,0,0,0,0,0,,,0,0,,0,0,0,,,0,0,0,0,0,,0,,0,0,0,0,0,0,0,0,0,0,0,0,0,0,,0,0,0,0,0,0,0,,,0,,,0,0,0,0,0,0,,,0,0,0,0,,0,0,0,0,0,,,0,0,,0,,0,0,0,0,,0,0,0,,0,0,0,0,,0,0,0,,0,0,0,0,0,0,0,,,0,0,0,0,,0,0,0,0,0,0,,,0,0,0,,0,0,0,0,0,,0,0,0,0,0,0,0,0,0,0,,0,0,0,0,0,,,,0,0,,0,0,0,,0,0,0,,,0,0,,0
Tajikistan,6,0,0,,,0,0,0,0,,0,0,0,,,0,0,0,0,0,0,,0,0,0,0,0,,0,0,0,0,0,,0,,,,,0,0,0,,,,0,0,0,,,0,0,0,0,0,0,0,0,0,,,0,0,,0,0,0,,,0,0,0,0,0,,0,,0,0,0,0,0,0,0,0,0,0,0,0,0,0,,0,0,0,0,0,0,0,,,0,,,6,0,0,0,0,0,,,0,0,0,0,,0,0,0,0,0,,,0,0,,0,,0,0,0,0,,0,0,0,,0,0,0,0,,0,0,0,,0,0,0,0,0,0,0,,,0,97,0,0,,0,0,0,0,0,0,,,0,0,0,,0,0,0,0,0,,0,0,0,0,0,0,0,0,0,0,,0,0,0,0,0,,,,0,0,,0,0,0,,0,0,0,,,0,0,,110
Tanzania,0,0,0,,,0,0,0,0,,0,0,0,,,0,0,0,0,0,0,,0,0,0,0,0,,0,0,15,0,0,,0,,,,,0,0,0,,,,0,0,0,,,0,0,3,0,0,0,0,0,0,,,0,0,,0,1,0,,,0,0,13,0,0,,0,,0,0,0,0,0,0,0,0,0,63,0,0,0,0,,0,2,0,0,0,0,89,,,0,,,0,0,0,0,1,0,,,0,0,0,0,,1,0,0,0,0,,,1,0,,0,,0,0,0,12,,2,0,0,,0,0,0,0,,0,0,3,,0,0,0,0,0,0,0,,,0,0,26,0,,0,0,0,0,2,0,,,0,0,0,,2,0,0,0,0,,0,0,0,0,2,0,0,0,0,0,,0,0,0,0,0,,,,28,0,,5,8,0,,0,0,0,,,0,7,,286
Thailand,0,0,0,,,0,0,0,0,,15,0,0,,,11,0,0,0,0,0,,0,0,0,0,0,,0,0,0,21,0,,0,,,,,0,"2,155",0,,,,0,0,0,,,0,0,6,0,0,0,0,0,0,,,0,0,,0,0,40,,,0,0,28,0,0,,0,,0,0,0,0,0,0,0,0,0,99,3,0,0,0,,0,3,0,77,0,0,0,,,16,,,0,15,0,0,0,0,,,0,0,0,0,,0,2,0,0,0,,,0,0,,0,,0,0,0,0,,0,113,2,,9,0,0,0,,9,0,15,,0,0,0,0,13,0,1,,,0,0,0,0,,0,0,0,0,0,0,,,0,0,0,,0,0,59,0,0,,0,0,0,0,4,21,0,0,0,0,,0,0,0,0,0,,,,0,0,,15,26,0,,0,0,56,,,0,0,,"2,835"
Timor-Leste,0,0,0,,,0,0,0,0,,1,0,0,,,0,0,0,0,0,0,,0,0,0,0,0,,0,0,0,0,0,,0,,,,,0,0,0,,,,0,0,0,,,0,0,0,0,0,0,0,0,0,,,0,0,,0,0,0,,,0,0,0,0,0,,0,,0,0,0,0,0,0,0,0,0,0,26,0,0,0,,0,0,0,0,0,0,0,,,0,,,0,0,0,0,0,0,,,0,0,0,0,,0,0,0,0,0,,,0,0,,0,,0,0,0,0,,0,0,0,,0,0,0,0,,0,0,0,,0,0,0,0,1,0,0,,,0,0,0,0,,0,0,0,0,0,0,,,0,0,0,,0,0,0,0,0,,0,0,0,0,0,0,0,0,0,0,,0,0,0,0,0,,,,0,0,,0,0,0,,0,0,0,,,0,0,,28
Togo,0,0,0,,,0,0,0,0,,0,0,0,,,0,0,0,0,0,22,,0,0,0,0,0,,0,0,0,0,0,,0,,,,,0,0,0,,,,0,0,0,,,0,0,0,0,0,0,0,0,0,,,0,0,,0,0,71,,,0,0,3,4,0,,0,,0,0,0,0,0,0,0,0,0,0,0,0,0,0,,0,0,0,0,0,0,0,,,0,,,0,0,0,8,0,0,,,0,0,0,0,,0,0,0,1,0,,,0,0,,0,,0,0,0,0,,0,0,0,,0,0,5,237,,0,0,0,,0,0,0,0,0,0,0,,,0,0,0,0,,0,0,0,0,0,0,,,0,0,0,,0,0,0,0,0,,0,0,0,0,0,0,0,0,0,0,,0,0,0,0,0,,,,0,0,,0,1,0,,0,0,0,,,0,0,,352
Tonga,0,0,0,,,0,0,0,0,,0,0,0,,,0,0,0,0,0,0,,0,0,0,0,0,,0,0,0,0,0,,0,,,,,0,0,0,,,,0,0,0,,,0,0,0,0,0,0,0,0,0,,,0,0,,0,0,0,,,0,0,0,0,0,,0,,0,0,0,0,0,0,0,0,0,0,0,0,0,0,,0,0,0,0,0,0,0,,,0,,,0,0,0,0,0,0,,,0,0,0,0,,0,0,0,0,0,,,0,0,,0,,0,0,0,0,,0,0,0,,0,0,0,0,,0,0,0,,0,0,0,0,0,0,0,,,0,0,0,0,,0,0,0,0,0,0,,,0,0,0,,0,0,0,0,0,,0,0,0,0,0,0,0,0,0,0,,0,0,0,0,0,,,,0,0,,0,0,0,,0,0,0,,,0,0,,0
Trinidad and Tobago,0,0,0,,,0,0,0,0,,0,0,0,,,0,1,0,0,0,0,,0,0,0,0,0,,0,0,0,0,0,,0,,,,,0,0,0,,,,0,0,0,,,0,0,0,0,0,0,0,0,0,,,0,0,,0,0,0,,,0,0,0,0,0,,7,,0,0,0,3,0,0,0,0,0,3,0,0,0,0,,0,0,0,0,0,0,0,,,0,,,0,0,0,0,0,0,,,0,0,0,0,,0,0,0,0,0,,,0,0,,0,,0,0,0,0,,0,0,0,,0,0,0,0,,0,0,0,,0,0,0,0,0,0,0,,,0,0,0,0,,0,0,0,0,0,0,,,0,0,0,,0,0,0,0,1,,5,0,0,0,0,0,0,0,0,0,,0,0,0,0,0,,,,0,0,,3,6,0,,0,0,0,,,0,0,,29
Tunisia,0,0,16,,,0,0,0,0,,0,0,0,,,0,0,0,0,0,0,,0,0,0,0,0,,0,0,0,0,0,,0,,,,,0,0,0,,,,0,0,0,,,0,0,0,0,0,0,0,0,0,,,0,0,,0,0,38,,,0,0,0,0,0,,0,,0,0,0,0,0,0,0,0,0,0,0,0,0,0,,0,3,0,0,0,0,0,,,0,,,0,0,0,0,0,0,,,0,0,0,0,,0,0,0,0,0,,,0,0,,0,,0,0,12,0,,0,0,0,,0,0,0,0,,0,0,0,,0,0,0,0,0,0,0,,,0,0,0,0,,0,0,0,0,0,0,,,0,0,0,,0,0,0,0,0,,0,0,0,0,0,0,0,0,0,0,,0,0,0,0,0,,,,0,0,,0,0,0,,0,0,0,,,0,0,,68
Turkey,2,3,1,,,0,0,0,1,,12,84,25,,,1,0,0,235,0,0,,0,0,3,0,1,,642,0,0,0,0,,0,,,,,0,10,0,,,,0,0,0,,,10,6,18,0,0,0,0,3,0,,,0,0,,0,5,199,,,0,8,"1,283",0,62,,0,,0,0,0,0,0,0,0,3,0,3,1,13,2,1,,5,6,0,7,5,0,0,,,3,,,5,0,0,13,0,0,,,1,2,0,31,,0,0,0,0,0,,,0,0,,5,,2,0,1,0,,0,0,48,,0,0,0,6,,17,0,3,,0,0,0,0,3,9,0,,,30,11,0,0,,0,7,0,0,0,0,,,1,1,0,,0,11,0,0,0,,0,0,0,0,14,94,13,1,0,1,,0,0,0,2,0,,,,0,5,,36,34,0,,0,0,0,,,0,0,,"3,076"
Turkmenistan,0,0,0,,,0,0,0,9,,0,0,10,,,0,0,0,0,0,0,,0,0,0,0,0,,0,0,0,0,0,,0,,,,,0,0,0,,,,0,0,0,,,0,0,0,0,0,0,0,0,0,,,0,0,,0,0,0,,,0,0,0,0,0,,0,,0,0,0,0,0,0,0,0,0,0,0,0,0,0,,0,0,0,0,0,1,0,,,0,,,0,0,0,0,0,0,,,0,0,0,0,,0,0,0,0,0,,,0,0,,0,,0,0,0,0,,0,0,0,,0,0,0,0,,0,0,0,,0,0,0,0,0,0,0,,,0,33,0,0,,0,0,0,0,0,0,,,0,0,0,,0,0,0,0,0,,0,0,0,0,0,0,0,0,0,0,,0,0,0,0,0,,,,0,5,,0,0,0,,0,0,0,,,0,0,,57
Turks and Caicos Islands,0,0,0,,,0,0,0,0,,0,0,0,,,0,0,0,0,0,0,,0,0,0,0,0,,0,0,0,0,0,,0,,,,,0,0,0,,,,0,0,0,,,0,0,0,0,0,0,0,0,0,,,0,0,,0,0,0,,,0,0,0,0,0,,0,,0,0,0,0,0,0,0,0,0,0,0,0,0,0,,0,0,0,0,0,0,0,,,0,,,0,0,0,0,0,0,,,0,0,0,0,,0,0,0,0,0,,,0,0,,0,,0,0,0,0,,0,0,0,,0,0,0,0,,0,0,0,,0,0,0,0,0,0,0,,,0,0,0,0,,0,0,0,0,0,0,,,0,0,0,,0,0,0,0,0,,0,0,0,0,0,0,0,0,0,0,,0,0,0,0,0,,,,0,0,,0,0,0,,0,0,0,,,0,0,,0
Tuvalu,0,0,0,,,0,0,0,0,,0,0,0,,,0,0,0,0,0,0,,0,0,0,0,0,,0,0,0,0,0,,0,,,,,0,0,0,,,,0,0,0,,,0,0,0,0,0,0,0,0,0,,,0,0,,0,0,0,,,0,0,0,0,0,,0,,0,0,0,0,0,0,0,0,0,0,0,0,0,0,,0,0,0,0,0,0,0,,,0,,,0,0,0,0,0,0,,,0,0,0,0,,0,0,0,0,0,,,0,0,,0,,0,0,0,0,,0,0,0,,0,0,0,0,,0,0,0,,0,0,0,0,0,0,0,,,0,0,0,0,,0,0,0,0,0,0,,,0,0,0,,0,0,0,0,0,,0,0,0,0,0,0,0,0,0,0,,0,0,0,0,0,,,,0,0,,0,0,0,,0,0,0,,,0,0,,0
Uganda,0,0,0,,,0,0,0,0,,1,0,0,,,0,0,0,0,0,0,,0,0,0,0,0,,0,0,10,0,0,,0,,,,,0,0,0,,,,0,0,0,,,0,0,0,0,0,0,0,0,0,,,0,0,,0,0,0,,,0,0,0,0,0,,0,,0,0,0,0,0,0,0,0,0,0,0,0,0,0,,0,0,0,0,0,0,40,,,0,,,0,0,0,0,0,0,,,0,0,0,0,,0,0,0,0,0,,,0,0,,0,,0,0,0,0,,0,0,0,,0,0,0,0,,0,0,0,,0,0,0,0,0,0,0,,,0,0,62,0,,0,0,0,0,0,0,,,0,0,0,,0,0,0,0,0,,0,58,0,0,0,0,0,0,11,0,,0,0,0,0,0,,,,0,0,,4,3,0,,0,0,0,,,0,0,,190
Ukraine,0,0,0,,,0,0,0,67,,0,0,113,,,0,0,105,0,0,0,,0,0,0,0,0,,0,0,0,0,0,,0,,,,,0,0,0,,,,0,0,0,,,0,0,0,0,0,0,0,0,0,,,0,0,,0,0,0,,,0,65,0,0,0,,0,,0,0,0,0,0,0,0,0,0,0,0,0,0,0,,0,0,0,0,0,15,0,,,0,,,63,0,0,0,0,0,,,0,0,0,0,,0,0,0,0,0,,,0,0,,288,,0,0,0,0,,0,0,0,,0,0,0,0,,0,0,0,,0,0,0,0,0,0,0,,,0,"1,871",0,0,,0,0,0,0,0,0,,,0,0,0,,0,0,0,0,0,,0,0,0,0,0,0,0,110,0,0,,0,0,0,0,0,,,,0,0,,0,0,0,,0,0,0,,,0,0,,"2,698"
United Arab Emirates,0,0,0,,,0,0,0,0,,0,0,0,,,400,0,0,0,0,0,,0,0,0,0,0,,0,0,0,0,0,,0,,,,,0,0,0,,,,0,0,0,,,0,0,0,0,0,0,0,650,0,,,0,0,,0,0,0,,,0,0,0,0,0,,0,,0,0,0,0,0,0,0,0,0,"14,251",0,42,0,0,,0,0,0,0,0,0,0,,,0,,,0,0,0,0,0,0,,,0,0,0,0,,0,0,0,0,0,,,0,0,,0,,0,0,0,0,,0,0,0,,0,0,0,0,,0,0,"1,494",,0,0,0,0,699,0,0,,,0,0,0,0,,0,0,0,0,0,0,,,0,0,0,,0,0,504,0,0,,0,23,0,0,0,0,0,0,0,0,,0,0,0,0,0,,,,0,0,,0,0,0,,0,0,0,,,96,0,,"18,160"
United Kingdom,19,3,25,,,0,3,7,1,,438,114,1,,,732,22,1,549,2,0,,0,3,12,3,203,,46,0,1,1,2,,0,,,,,0,725,34,,,,2,2,17,,,59,125,91,1,3,2,9,120,2,,,7,11,,4,40,"1,421",,,9,1,"1,255",25,27,,10,,3,0,0,20,0,3,48,131,1,"3,877",28,62,20,430,,23,217,322,95,23,0,371,,,56,,,1,0,70,178,1,4,,,322,49,2,2,,4,50,0,0,9,,,74,13,,2,,3,0,30,1,,2,190,110,,75,0,0,"3,852",,74,7,"1,331",,2,0,1,14,603,"1,263",145,,,76,18,5,0,,0,32,3,0,8,14,,,172,5,0,,325,595,328,14,9,,8,9,0,0,53,127,14,1,15,159,,1,0,6,13,18,,,,144,29,,0,411,0,,1,1,94,,,23,14,,"23,159"
United States,22,75,13,,,0,11,126,141,,287,286,16,,,595,40,14,851,64,1,,0,134,177,2,"1,269",,46,0,1,119,16,,24,,,,,1,"13,314","1,361",,,,374,7,88,,,10,166,159,1,17,"2,870","1,046",615,"3,288",,,33,177,,39,37,"1,843",,,14,34,"2,799",33,153,,28,,"4,030",3,0,239,"1,039","2,495",106,445,8,"10,863",308,366,34,144,,262,825,"1,442","1,031",446,1,240,,,"5,334",,,13,67,81,"1,551",1,160,,,136,101,10,8,,1,44,0,5,4,,,4,"23,174",,71,,30,0,226,1,,1,277,173,,28,389,2,"6,141",,112,4,957,,277,1,57,"1,048","10,002","1,225",315,,,255,237,5,30,,0,58,66,605,2,13,,,90,26,0,,123,714,109,20,11,,7,30,0,0,105,253,185,23,4,"1,105",,9,20,59,28,28,,,,70,410,,"1,241",0,15,,1,49,"4,884",,,94,4,,"120,178"
Uruguay,0,0,0,,,0,0,15,0,,1,1,0,,,0,0,0,4,0,0,,0,0,0,0,37,,0,0,0,0,0,,0,,,,,0,0,1,,,,0,0,0,,,0,0,0,0,0,0,0,0,0,,,0,0,,0,0,9,,,0,0,6,0,0,,0,,0,0,0,0,0,0,0,2,0,0,0,0,0,0,,0,17,0,1,0,0,0,,,0,,,0,0,0,4,0,0,,,2,0,0,0,,0,0,0,0,0,,,0,1,,0,,0,0,0,0,,0,0,0,,0,0,0,0,,0,0,0,,0,0,2,1,0,3,1,,,1,0,0,0,,0,0,0,0,0,0,,,0,0,0,,0,155,0,0,0,,0,0,0,0,1,2,1,0,0,0,,0,0,0,0,0,,,,0,0,,1,3,0,,0,0,0,,,0,0,,274
Uzbekistan,0,0,0,,,0,0,0,0,,0,0,0,,,0,0,0,0,0,0,,0,0,0,0,0,,0,0,0,0,0,,0,,,,,0,0,0,,,,0,0,0,,,0,0,0,0,0,0,0,0,0,,,0,0,,0,0,0,,,0,0,0,0,0,,0,,0,0,0,0,0,0,0,0,0,0,0,0,0,0,,0,0,0,0,0,12,0,,,0,,,0,0,0,0,0,0,,,0,0,0,0,,0,0,0,0,0,,,0,0,,0,,0,0,0,0,,0,0,0,,0,0,0,0,,0,0,0,,0,0,0,0,0,0,0,,,0,205,0,0,,0,0,0,0,0,0,,,0,0,0,,0,0,0,0,0,,0,0,0,0,0,0,0,661,0,0,,0,0,0,0,0,,,,0,0,,0,0,0,,0,0,0,,,0,0,,878
Vanuatu,0,0,0,,,0,0,0,0,,1,0,0,,,0,0,0,0,0,0,,0,0,0,0,0,,0,0,0,0,0,,0,,,,,0,0,0,,,,0,0,0,,,0,0,0,0,0,0,0,0,0,,,0,0,,0,0,2,,,0,0,0,0,0,,0,,0,0,0,0,0,0,0,0,0,0,0,0,0,0,,0,0,0,0,0,0,0,,,0,,,0,0,0,0,0,0,,,0,0,0,0,,0,0,0,0,0,,,0,0,,0,,0,0,0,0,,0,0,0,,0,0,0,0,,0,0,0,,0,0,0,0,0,0,0,,,0,0,0,0,,0,0,0,0,0,0,,,0,0,0,,0,0,0,0,0,,0,0,0,0,0,0,0,0,0,0,,0,0,0,0,0,,,,0,0,,0,0,0,,0,0,0,,,0,0,,3
"Venezuela, RB",0,0,0,,,0,0,6,0,,0,4,0,,,0,0,0,8,0,0,,0,2,0,0,15,,0,0,0,0,0,,0,,,,,0,56,"1,083",,,,4,0,0,,,0,0,1,0,0,40,56,1,2,,,0,0,,0,0,37,,,0,0,16,0,1,,0,,2,0,0,4,1,1,0,3,0,1,0,0,0,0,,1,97,0,1,1,0,0,,,1,,,0,0,0,60,0,0,,,0,0,0,0,,0,0,0,0,0,,,0,5,,0,,0,0,2,0,,0,0,1,,0,2,0,1,,0,0,0,,2,0,0,76,0,2,87,,,1,0,0,0,,0,2,0,0,0,0,,,0,0,0,,0,624,0,0,0,,0,0,0,0,0,5,24,0,0,0,,0,0,1,0,0,,,,0,0,,0,20,1,,0,0,0,,,0,0,,"2,366"
Vietnam,0,0,0,,,0,0,0,0,,0,0,0,,,0,0,0,0,0,0,,0,0,0,0,0,,0,0,0,0,0,,0,,,,,0,0,0,,,,0,0,0,,,0,0,0,0,0,0,0,0,0,,,0,0,,0,0,0,,,0,0,0,0,0,,0,,0,0,0,0,0,0,0,0,0,0,0,0,0,0,,0,0,0,0,0,0,0,,,0,,,0,0,0,0,0,0,,,0,0,0,0,,0,0,0,0,0,,,0,0,,0,,0,0,0,0,,0,0,0,,0,0,0,0,,0,0,0,,0,0,0,0,0,0,0,,,0,0,0,0,,0,0,0,0,0,0,,,0,0,0,,0,0,0,0,0,,0,0,0,0,0,0,0,0,0,0,,0,0,0,0,0,,,,0,0,,0,0,0,,0,0,0,,,0,0,,0
Virgin Islands (U.S.),0,0,0,,,0,3,0,0,,0,0,0,,,0,0,0,0,0,0,,0,0,0,0,0,,0,0,0,0,0,,0,,,,,0,0,0,,,,0,0,0,,,0,0,0,0,2,10,0,0,0,,,0,0,,0,0,0,,,0,0,0,0,0,,0,,0,0,0,0,0,0,0,0,0,0,0,0,0,0,,0,0,1,0,0,0,0,,,0,,,0,0,0,0,0,0,,,0,0,0,0,,0,0,0,0,0,,,0,0,,0,,0,0,0,0,,0,0,0,,0,0,0,0,,0,0,0,,0,0,0,0,0,0,0,,,0,0,0,0,,0,0,0,0,0,0,,,0,0,0,,0,0,0,12,3,,0,0,0,0,0,0,0,0,0,0,,0,0,1,0,0,,,,0,0,,0,39,0,,0,0,0,,,0,0,,69
West Bank and Gaza,0,0,0,,,0,0,0,0,,0,0,0,,,0,0,0,0,0,0,,0,0,0,0,0,,0,0,0,0,0,,0,,,,,0,0,0,,,,0,0,0,,,0,0,0,0,0,0,0,373,0,,,0,0,,0,0,0,,,0,0,0,0,0,,0,,0,0,0,0,0,0,0,0,0,0,0,0,0,0,,"1,083",0,0,0,"1,515",0,0,,,0,,,0,0,0,158,0,0,,,0,0,0,0,,0,0,0,0,0,,,0,0,,0,,0,0,0,0,,0,0,0,,0,0,0,0,,0,0,0,,0,0,0,0,0,0,0,,,0,0,0,0,,0,0,0,0,0,0,,,0,0,0,,0,0,0,0,0,,0,0,0,0,0,0,60,0,0,0,,0,0,0,14,0,,,,0,0,,0,126,0,,0,0,0,,,6,0,,"3,337"
"Yemen, Rep.",0,0,0,,,0,0,0,0,,0,0,0,,,0,0,0,0,0,0,,0,0,0,0,0,,0,0,0,0,0,,0,,,,,0,0,0,,,,0,0,0,,,0,0,0,0,0,0,0,181,0,,,0,0,,0,0,0,,,0,0,0,0,0,,0,,0,0,0,0,0,0,0,0,0,0,0,0,6,0,,0,0,0,0,0,0,0,,,0,,,0,0,0,0,0,0,,,0,0,0,0,,0,0,0,0,0,,,0,0,,0,,0,0,0,0,,0,0,0,,0,0,0,0,,0,0,0,,0,0,0,0,0,0,0,,,0,0,0,0,,0,0,0,0,0,0,,,0,0,0,,0,0,0,0,0,,0,39,0,0,0,0,26,0,0,0,,0,0,0,0,0,,,,0,0,,0,0,0,,0,0,0,,,0,0,,252
Zambia,0,0,0,,,0,0,0,0,,1,0,0,,,0,0,0,0,0,0,,0,0,0,0,0,,0,0,0,0,0,,0,,,,,0,2,0,,,,0,0,0,,,0,0,0,0,0,0,0,1,0,,,0,0,,0,0,2,,,0,0,2,0,0,,0,,0,0,0,0,0,0,0,0,0,31,0,0,0,0,,0,0,0,1,0,0,1,,,0,,,0,0,0,0,0,0,,,0,0,0,0,,1,0,0,0,0,,,0,0,,0,,0,0,0,0,,0,0,0,,0,0,0,4,,0,0,0,,0,0,0,0,0,0,0,,,0,0,0,0,,0,0,1,0,0,0,,,0,0,0,,5,0,0,0,0,,0,0,0,0,0,0,0,0,0,0,,0,0,0,0,0,,,,1,0,,4,3,0,,0,0,0,,,0,0,,59
Zimbabwe,0,0,0,,,0,0,0,0,,0,0,0,,,0,0,0,0,0,0,,0,0,0,4,0,,0,0,0,0,0,,0,,,,,0,0,0,,,,0,0,0,,,0,0,0,0,0,0,0,0,0,,,0,0,,0,0,0,,,0,0,0,0,0,,0,,0,0,0,0,0,0,0,0,0,0,0,0,0,0,,0,0,0,0,0,0,0,,,0,,,0,0,0,0,0,0,,,0,0,0,0,,5,0,0,0,0,,,0,0,,0,,0,0,0,12,,0,0,0,,0,0,0,0,,0,0,0,,0,0,0,0,0,0,0,,,0,0,0,0,,0,0,0,0,0,0,,,0,0,0,,22,0,0,0,0,,0,0,0,0,0,0,0,0,0,0,,0,0,0,0,0,,,,0,0,,42,0,0,,0,0,0,,,0,4,,91
Other North,0,0,0,,,0,0,0,0,,26,55,0,,,0,1,0,192,0,0,,0,0,0,0,0,,0,0,0,0,0,,0,,,,,0,0,0,,,,0,0,23,,,2,33,23,0,0,0,0,0,0,,,4,0,,0,16,320,,,0,0,223,0,18,,0,,0,0,0,0,0,0,7,40,0,0,0,0,0,14,,8,112,0,33,0,0,0,,,183,,,0,0,7,0,0,0,,,0,33,2,0,,0,0,0,0,1,,,0,0,,0,,0,0,0,0,,0,0,34,,15,0,0,0,,13,0,0,,0,0,0,0,0,119,56,,,0,0,0,0,,0,3,0,0,0,0,,,31,8,0,,0,149,0,0,0,,0,0,0,0,14,56,0,0,0,0,,0,0,2,0,0,,,,0,0,,142,61,0,,0,0,0,,,0,0,,"2,078"
Other South,31,8,4,,,0,1,23,95,,22,18,179,,,822,0,61,64,1,21,,1,39,1,6,70,,86,19,6,3,4,,4,,,,,0,611,175,,,,12,40,3,,,1,3,5,1,0,13,15,556,15,,,20,13,,0,1,227,,,2,87,304,7,19,,0,,31,9,2,2,27,21,0,10,0,"1,198",408,5,18,0,,136,89,1,54,193,23,22,,,20,,,129,2,33,95,63,29,,,51,1,0,4,,2,2,0,52,0,,,0,12,,103,,0,0,4,15,,1,211,11,,3,48,19,706,,5,2,288,,8,0,61,62,140,80,72,,,5,480,18,2,,0,11,79,11,0,6,,,0,0,0,,35,359,75,0,0,,0,22,0,5,4,32,91,267,6,110,,31,0,0,29,5,,,,94,457,,36,231,5,,0,3,60,,,4,3,,"10,883"
Unidentified*,,,,,,,,,,15,,,,,,,,,,,,"1,356",,,,,,,,,,,,,,,,,,,,,,,,,,,,,,,,,,,,,,,,,,146,,,,755,,,,,,,,,,,,,,,,,,,,,,,,,,,,,,,,,,,"1,141",,,,,,,,,,,,,,,,,,,,,,,,,,,,,,,127,,,,519,,,,,,,,,,,,,,,,,,,,,,,,,,,,,,,,,,,,,,,,,,,,,,,,,,,,,,,,,,,,,,,,,,,,,,,,"1,545",,,,"5,605"
Total Remittances,462,"1,162","1,942",,,0,24,690,"1,295",15,"1,601","3,137","1,915",,,"12,068",82,697,"10,975",77,185,"1,356",10,"1,049","1,959",63,"4,793",,"1,483",140,45,245,115,,178,,,,,3,"61,365","4,205",,,,541,373,"1,378",,,131,"1,849","1,273",32,27,"3,682","2,681","14,324","3,667",,,407,513,146,158,889,"19,483",755,,91,"1,110","14,886",152,"1,186",,55,,"4,508",78,46,373,"1,551","2,875",357,"2,441",27,"63,011","6,924","1,330",386,755,,"1,709","7,025","2,123","2,298","3,453",240,934,,,"10,391","1,141",,"1,724",110,695,"7,531",649,360,,,"1,956","1,756",114,434,,17,"1,198",3,473,37,,,249,"23,588",,"1,612",,279,343,"7,256",157,127,16,"4,217","1,943",519,875,914,134,"20,619",,765,39,"12,263",,384,11,893,"2,697","23,065","7,641","3,836",,,"3,890","5,667",171,139,,7,244,"1,478","3,272",26,77,,,"1,753",433,2,,"1,212","11,543","5,193",52,32,,34,442,4,55,776,"3,307","2,079","3,060",76,"3,994",,337,72,91,"2,004","1,087",,,,949,"6,716",,"8,078","5,437",102,,22,138,"8,600",0,"1,545","1,404",46,,"514,248"
,,,,,,,,,,,,,,,,,,,,,,,,,,,,,,,,,,,,,,,,,,,,,,,,,,,,,,,,,,,,,,,,,,,,,,,,,,,,,,,,,,,,,,,,,,,,,,,,,,,,,,,,,,,,,,,,,,,,,,,,,,,,,,,,,,,,,,,,,,,,,,,,,,,,,,,,,,,,,,,,,,,,,,,,,,,,,,,,,,,,,,,,,,,,,,,,,,,,,,,,,,,,,,,,,,,,,,
,,,,,,,,,,,,,,,,,,,,,,,,,,,,,,,,,,,,,,,,,,,,,,,,,,,,,,,,,,,,,,,,,,,,,,,,,,,,,,,,,,,,,,,,,,,,,,,,,,,,,,,,,,,,,,,,,,,,,,,,,,,,,,,,,,,,,,,,,,,,,,,,,,,,,,,,,,,,,,,,,,,,,,,,,,,,,,,,,,,,,,,,,,,,,,,,,,,,,,,,,,,,,,,,,,,,,,
Notes:,,,,,,,,,,,,,,,,,,,,,,,,,,,,,,,,,,,,,,,,,,,,,,,,,,,,,,,,,,,,,,,,,,,,,,,,,,,,,,,,,,,,,,,,,,,,,,,,,,,,,,,,,,,,,,,,,,,,,,,,,,,,,,,,,,,,,,,,,,,,,,,,,,,,,,,,,,,,,,,,,,,,,,,,,,,,,,,,,,,,,,,,,,,,,,,,,,,,,,,,,,,,,,,,,,,,,,
"These estimates are based on the methodology developed by Ratha and Shaw, 2007, ""South-South Migration and Remittances,"" Development Prospects Group, World Bank (www.worldbank.org/prospects/migrationandremittances).  The remittance data is for 2011, disaggregated using host country and origin country incomes from 2011, and estimated migrant stocks from 2010.",,,,,,,,,,,,,,,,,,,,,,,,,,,,,,,,,,,,,,,,,,,,,,,,,,,,,,,,,,,,,,,,,,,,,,,,,,,,,,,,,,,,,,,,,,,,,,,,,,,,,,,,,,,,,,,,,,,,,,,,,,,,,,,,,,,,,,,,,,,,,,,,,,,,,,,,,,,,,,,,,,,,,,,,,,,,,,,,,,,,,,,,,,,,,,,,,,,,,,,,,,,,,,,,,,,,,,
"*The unidentified category refers to countries for which there are data on total remittance inflows, but where estimates of bilateral migrant stocks are unavailable to enable disaggregation by remittance source country.",,,,,,,,,,,,,,,,,,,,,,,,,,,,,,,,,,,,,,,,,,,,,,,,,,,,,,,,,,,,,,,,,,,,,,,,,,,,,,,,,,,,,,,,,,,,,,,,,,,,,,,,,,,,,,,,,,,,,,,,,,,,,,,,,,,,,,,,,,,,,,,,,,,,,,,,,,,,,,,,,,,,,,,,,,,,,,,,,,,,,,,,,,,,,,,,,,,,,,,,,,,,,,,,,,,,,,
