Country,Concept,Unit,Data Source,Status,Scale,2004,2005,2006,2007,2008,2009,2010,2011,2012,2013
"Afghanistan, Islamic Republic of",Currency Issued by Central Government,National Currency,International Financial Statistics (IFS),Published,Units,,,0,0,0,0,0,0,0,0
Albania,Currency Issued by Central Government,National Currency,International Financial Statistics (IFS),Published,Units,0,0,0,0,0,0,0,0,0,0
Algeria,Currency Issued by Central Government,National Currency,International Financial Statistics (IFS),Published,Units,37984489000,131222713000,132006253000,167372237012.31,194196671000,265371900000,322631646000,518704699000,758686675384.33,860187269865.33
Angola,Currency Issued by Central Government,National Currency,International Financial Statistics (IFS),Published,Units,,,,,,,0,0,0,0
Angola,"Interest Rates, Government Securities, Government Bonds",Percent per Annum,International Financial Statistics (IFS),Published,Units,,,,,,,,,,8.25
Anguilla,Currency Issued by Central Government,National Currency,International Financial Statistics (IFS),Published,Units,0,0,0,0,0,0,0,0,0,0
Antigua and Barbuda,Currency Issued by Central Government,National Currency,International Financial Statistics (IFS),Published,Units,0,0,0,0,0,0,0,0,0,0
"Armenia, Republic of",Currency Issued by Central Government,National Currency,International Financial Statistics (IFS),Published,Units,0,0,0,0,0,0,0,0,0,0
"Armenia, Republic of","Interest Rates, Government Securities, Government Bonds",Percent per Annum,International Financial Statistics (IFS),Published,Units,8.20861632104455,5.18325,5.856925,6.562225,8.32171227463082,11.8599542551728,13.8827399559478,13.8,14.3012166916667,13.2034138827596
Australia,Currency Issued by Central Government,National Currency,International Financial Statistics (IFS),Published,Units,0,0,0,0,0,0,0,0,0,0
Australia,"Interest Rates, Government Securities, Government Bonds",Percent per Annum,International Financial Statistics (IFS),Published,Units,5.59077450749734,5.33997311398556,5.5878722441858,5.99452083739212,5.81794393964159,5.03951184202271,5.36604166666667,4.87958333333334,3.37916666666667,3.69666666666667
Austria,"Interest Rates, Government Securities, Government Bonds",Percent per Annum,International Financial Statistics (IFS),Published,Units,4.13083333333333,3.39416666666667,3.8,4.2975,4.35833333333333,3.93666666666667,3.22583333333333,3.31916666666666,2.3725,2.01
"Azerbaijan, Republic of",Currency Issued by Central Government,National Currency,International Financial Statistics (IFS),Published,Units,0,0,0,0,0,0,0,0,0,0
Bangladesh,Currency Issued by Central Government,National Currency,International Financial Statistics (IFS),Published,Units,3541000000,3823000000,4075000000,4569000000,4672000000,4975000000,5632000000,6714000000,7312000000,7677000000
Barbados,Currency Issued by Central Government,National Currency,International Financial Statistics (IFS),Published,Units,,,0,0,0,0,,,,
Belarus,Currency Issued by Central Government,National Currency,International Financial Statistics (IFS),Published,Units,0,0,0,0,0,0,0,0,0,0
Belgium,"Interest Rates, Government Securities, Government Bonds",Percent per Annum,International Financial Statistics (IFS),Published,Units,4.1525,3.42833333333333,3.815,4.32833333333333,4.4175,3.90166666666667,3.4625,4.23333333333333,3,2.41
Belize,Currency Issued by Central Government,National Currency,International Financial Statistics (IFS),Published,Units,,,0,0,0,0,0,0,0,0
Bhutan,Currency Issued by Central Government,National Currency,International Financial Statistics (IFS),Published,Units,0,0,0,0,0,0,0,0,0,0
Bolivia,Currency Issued by Central Government,National Currency,International Financial Statistics (IFS),Published,Units,0,0,0,0,0,0,0,0,0,0
Bosnia and Herzegovina,Currency Issued by Central Government,National Currency,International Financial Statistics (IFS),Published,Units,,,0,0,0,0,0,0,0,0
Botswana,Currency Issued by Central Government,National Currency,International Financial Statistics (IFS),Published,Units,0,0,0,0,0,0,0,0,0,0
Botswana,"Interest Rates, Government Securities, Government Bonds",Percent per Annum,International Financial Statistics (IFS),Published,Units,10.0666666666667,9.49,11.5963916666667,10.7344416666667,10.1891666666667,8.62895833333334,7.68729166666667,7.435,5.665,5.013
Brazil,Currency Issued by Central Government,National Currency,International Financial Statistics (IFS),Published,Units,0,0,0,0,0,0,0,0,0,0
Brunei Darussalam,Currency Issued by Central Government,National Currency,International Financial Statistics (IFS),Published,Units,0,0,0,0,0,0,0,0,0,0
Bulgaria,"Interest Rates, Government Securities, Government Bonds",Percent per Annum,International Financial Statistics (IFS),Published,Units,5.36,3.87416666666667,4.18333333333333,4.53916666666667,5.37666666666667,7.215,6.00446666666667,5.35684166666667,4.49741666666667,3.4729
Burundi,Currency Issued by Central Government,National Currency,International Financial Statistics (IFS),Published,Units,0,0,0,0,0,0,0,0,0,0
Cabo Verde,Currency Issued by Central Government,National Currency,International Financial Statistics (IFS),Published,Units,0,0,0,0,0,0,0,0,0,0
Cambodia,Currency Issued by Central Government,National Currency,International Financial Statistics (IFS),Published,Units,0,0,0,0,0,0,0,0,0,0
Cameroon,Currency Issued by Central Government,National Currency,International Financial Statistics (IFS),Published,Units,0,0,0,0,0,0,0,0,0,0
Canada,Currency Issued by Central Government,National Currency,International Financial Statistics (IFS),Published,Units,0,0,0,0,0,,,,,
Canada,"Interest Rates, Government Securities, Government Bonds",Percent per Annum,International Financial Statistics (IFS),Published,Units,5.08083333333333,4.38583333333333,4.29916666666667,4.335,4.04,3.89083333333333,3.6575,3.21416666666667,2.33166666666667,2.71833333333333
Central African Republic,Currency Issued by Central Government,National Currency,International Financial Statistics (IFS),Published,Units,0,0,0,0,0,0,0,0,0,0
Chad,Currency Issued by Central Government,National Currency,International Financial Statistics (IFS),Published,Units,0,0,0,0,0,0,0,0,0,0
Chile,Currency Issued by Central Government,National Currency,International Financial Statistics (IFS),Published,Units,0,0,0,0,0,0,0,0,0,0
"China, P.R.: Macao",Currency Issued by Central Government,National Currency,International Financial Statistics (IFS),Published,Units,220669000,240704000,265054000,285642000,317936000,328601000,337270000,363067000,395847000,430582000
Colombia,Currency Issued by Central Government,National Currency,International Financial Statistics (IFS),Published,Units,0,0,0,0,0,0,0,0,0,0
Comoros,Currency Issued by Central Government,National Currency,International Financial Statistics (IFS),Published,Units,0,0,0,0,0,0,0,0,0,0
"Congo, Democratic Republic of",Currency Issued by Central Government,National Currency,International Financial Statistics (IFS),Published,Units,0,0,0,0,0,0,0,0,0,0
"Congo, Republic of",Currency Issued by Central Government,National Currency,International Financial Statistics (IFS),Published,Units,0,0,0,0,0,0,0,0,0,0
Costa Rica,Currency Issued by Central Government,National Currency,International Financial Statistics (IFS),Published,Units,0,0,0,0,0,0,0,0,0,0
Croatia,Currency Issued by Central Government,National Currency,International Financial Statistics (IFS),Published,Units,0,0,0,0,0,0,0,0,0,
Cyprus,"Interest Rates, Government Securities, Government Bonds",Percent per Annum,International Financial Statistics (IFS),Published,Units,5.7975,5.16166666666667,4.13416666666667,4.475,4.6,4.6,4.6,5.7875,7,6.5
Czech Republic,"Interest Rates, Government Securities, Government Bonds",Percent per Annum,International Financial Statistics (IFS),Published,Units,4.05,3.61,3.68,4.65,4.3,3.98,3.889,3.7,2.12413376624612,2.2029185806444
Denmark,"Interest Rates, Government Securities, Government Bonds",Percent per Annum,International Financial Statistics (IFS),Published,Units,4.305,3.40416666666667,3.81166666666667,4.28583333333333,4.28166666666667,3.5875,2.9275,2.73058333333333,1.40333333333333,1.74583333333333
Dominica,Currency Issued by Central Government,National Currency,International Financial Statistics (IFS),Published,Units,0,0,0,0,0,0,0,0,0,0
Dominican Republic,Currency Issued by Central Government,National Currency,International Financial Statistics (IFS),Published,Units,0,0,0,0,0,0,0,0,0,0
Ecuador,Currency Issued by Central Government,US Dollars,International Financial Statistics (IFS),Published,Units,0,0,0,0,0,0,0,0,0,0
Egypt,Currency Issued by Central Government,National Currency,International Financial Statistics (IFS),Published,Units,222700000,230100000,252597000,270434000,282200000,297145000,314392000,339480000,364965000,390172000
El Salvador,Currency Issued by Central Government,US Dollars,International Financial Statistics (IFS),Published,Units,0,0,0,0,0,0,0,0,0,0
Equatorial Guinea,Currency Issued by Central Government,National Currency,International Financial Statistics (IFS),Published,Units,0,0,0,0,0,0,0,0,0,0
Eritrea,Currency Issued by Central Government,National Currency,International Financial Statistics (IFS),Published,Units,0,0,0,0,0,0,0,0,,
Estonia,"Interest Rates, Government Securities, Government Bonds",Percent per Annum,International Financial Statistics (IFS),Published,Units,4.38833333333333,3.9825,4.30333333333333,5.62833333333333,8.16416666666667,7.77833333333333,5.96833333333333,,,
Ethiopia,"Interest Rates, Government Securities, Government Bonds",Percent per Annum,International Financial Statistics (IFS),Published,Units,3.91488095238095,3.97619047619048,4,4,4,,,,,
Euro Area,"Interest Rates, Government Securities, Government Bonds",Percent per Annum,International Financial Statistics (IFS),Published,Units,4.14079166666667,3.440875,3.85951666666667,4.33176666666667,4.35503333333333,4.0301,3.784725,4.31229166666667,3.05313333333333,3.01336666666667
Fiji,Currency Issued by Central Government,National Currency,International Financial Statistics (IFS),Published,Units,0,0,0,0,0,0,0,0,0,0
Fiji,"Interest Rates, Government Securities, Government Bonds",Percent per Annum,International Financial Statistics (IFS),Published,Units,2.55,2.74,5.75,6.87,5.91207925636008,8.13,,,4,4
Finland,"Interest Rates, Government Securities, Government Bonds",Percent per Annum,International Financial Statistics (IFS),Published,Units,4.11,3.35166666666667,3.78333333333333,4.29254542557714,4.28973224815167,3.73884547340849,3.01290969807589,3.00587516233766,1.88419111896212,1.8617702625993
France,"Interest Rates, Government Securities, Government Bonds",Percent per Annum,International Financial Statistics (IFS),Published,Units,4.09833333333333,3.41,3.79666666666667,4.30416666666667,4.23416666666667,3.64919166666667,3.1171,3.32121666666667,2.53618333333333,2.20378333333333
Gabon,Currency Issued by Central Government,National Currency,International Financial Statistics (IFS),Published,Units,0,0,0,0,0,0,0,0,0,0
"Gambia, The",Currency Issued by Central Government,National Currency,International Financial Statistics (IFS),Published,Units,0,0,0,0,0,0,0,0,0,0
Georgia,Currency Issued by Central Government,National Currency,International Financial Statistics (IFS),Published,Units,0,0,0,0,0,0,0,0,0,0
Germany,"Interest Rates, Government Securities, Government Bonds",Percent per Annum,International Financial Statistics (IFS),Published,Units,4.03666666666667,3.35333333333333,3.7625,4.21666666666667,3.98416666666667,3.2225,2.74333333333333,2.60666666666667,1.495,1.57
Ghana,Currency Issued by Central Government,National Currency,International Financial Statistics (IFS),Published,Units,0,0,0,0,0,0,0,0,0,0
Ghana,"Interest Rates, Government Securities, Government Bonds",Percent per Annum,International Financial Statistics (IFS),Published,Units,21.5,20.5375,16.4222222222222,12.7063888888889,14.8883333333333,,,13.425,20.4141666666667,18.4033333333333
Greece,"Interest Rates, Government Securities, Government Bonds",Percent per Annum,International Financial Statistics (IFS),Published,Units,4.25583333333333,3.585,4.07,4.5,4.8025,5.17416666666667,9.09166666666666,15.7491666666667,22.4983333333333,10.0541666666667
Grenada,Currency Issued by Central Government,National Currency,International Financial Statistics (IFS),Published,Units,0,0,0,0,0,0,0,0,0,0
Guatemala,Currency Issued by Central Government,National Currency,International Financial Statistics (IFS),Published,Units,0,0,0,0,0,0,0,0,0,0
Guyana,Currency Issued by Central Government,National Currency,International Financial Statistics (IFS),Published,Units,0,0,0,0,0,0,0,0,0,0
Haiti,Currency Issued by Central Government,National Currency,International Financial Statistics (IFS),Published,Units,,,0,0,0,0,0,0,0,0
Honduras,Currency Issued by Central Government,National Currency,International Financial Statistics (IFS),Published,Units,0,0,0,0,0,0,0,0,0,0
Honduras,"Interest Rates, Government Securities, Government Bonds",Percent per Annum,International Financial Statistics (IFS),Published,Units,11.6716666666667,11.3158333333333,7.867375,7.69901666666667,,,,,,
Hungary,"Interest Rates, Government Securities, Government Bonds",Percent per Annum,International Financial Statistics (IFS),Published,Units,8.18916666666667,6.59916666666667,7.11583333333333,6.74416666666667,8.23833333333333,9.12333333333332,7.282125,7.63515833333333,7.89083333333333,5.92333333333333
Iceland,Currency Issued by Central Government,National Currency,International Financial Statistics (IFS),Published,Units,0,0,0,0,0,0,0,0,0,0
Iceland,"Interest Rates, Government Securities, Government Bonds",Percent per Annum,International Financial Statistics (IFS),Published,Units,3.879423105,3.73029353333333,4.3173818525,4.96211657,4.300186665,4.29952465416667,3.49332216083333,2.94615757,2.27898126666667,2.55166666666667
Indonesia,Currency Issued by Central Government,National Currency,International Financial Statistics (IFS),Published,Units,0,0,0,0,0,0,0,0,0,0
Iraq,Currency Issued by Central Government,National Currency,International Financial Statistics (IFS),Published,Units,0,0,0,0,0,0,0,0,0,
Ireland,"Interest Rates, Government Securities, Government Bonds",Percent per Annum,International Financial Statistics (IFS),Published,Units,4.07666666666667,3.32916666666667,3.765,4.30583333333333,4.52583333333333,5.225,5.73916666666667,9.60166666666667,6.17166666666667,3.79
Italy,"Interest Rates, Government Securities, Government Bonds",Percent per Annum,International Financial Statistics (IFS),Published,Units,4.25833333333333,3.55583333333333,4.0475,4.48731583333333,4.68114916666667,4.31333333333333,4.03583333333334,5.42416666666667,5.4925,4.31666666666667
Jamaica,Currency Issued by Central Government,National Currency,International Financial Statistics (IFS),Published,Units,0,0,0,0,0,0,0,0,0,0
Japan,Currency Issued by Central Government,National Currency,International Financial Statistics (IFS),Published,Units,0,0,0,0,0,0,0,0,0,0
Japan,"Interest Rates, Government Securities, Government Bonds",Percent per Annum,International Financial Statistics (IFS),Published,Units,1.49916666666667,1.35958333333333,1.73125,1.65291666666667,1.44916666666667,1.3425,1.15083333333333,1.11833333333333,0.839166666666667,0.700416666666667
Kazakhstan,Currency Issued by Central Government,National Currency,International Financial Statistics (IFS),Published,Units,0,0,0,0,0,0,0,0,0,0
Kenya,Currency Issued by Central Government,National Currency,International Financial Statistics (IFS),Published,Units,0,0,0,0,0,0,0,0,0,0
"Korea, Republic of",Currency Issued by Central Government,National Currency,International Financial Statistics (IFS),Published,Units,0,0,0,0,0,0,0,0,0,0
"Korea, Republic of","Interest Rates, Government Securities, Government Bonds",Percent per Annum,International Financial Statistics (IFS),Published,Units,4.45333333333333,4.6625,5.06583333333333,5.42916666666667,5.79083333333333,5.10083333333333,4.58583333333333,4.10583333333333,3.43333333333333,3.16483333333333
Kuwait,Currency Issued by Central Government,National Currency,International Financial Statistics (IFS),Published,Units,0,0,0,0,0,0,0,0,0,0
Latvia,"Interest Rates, Government Securities, Government Bonds",Percent per Annum,International Financial Statistics (IFS),Published,Units,4.8575,3.875,4.13333333333333,5.2825,6.43166666666667,12.3475,10.3366666666667,5.9075,4.565,3.34
Lesotho,Currency Issued by Central Government,National Currency,International Financial Statistics (IFS),Published,Units,0,0,0,0,0,0,0,0,0,0
Lithuania,"Interest Rates, Government Securities, Government Bonds",Percent per Annum,International Financial Statistics (IFS),Published,Units,4.5025,3.69833333333333,4.08083333333333,4.54583333333333,5.6075,14.0041666666667,5.56666666666667,5.16,4.83083333333333,3.83178571428571
Luxembourg,"Interest Rates, Government Securities, Government Bonds",Percent per Annum,International Financial Statistics (IFS),Published,Units,2.84416666666667,2.41416666666667,3.30333333333333,4.46083333333333,4.6075,4.22916666666667,3.1675,2.92333333333333,1.75333333333333,1.74416666666667
"Macedonia, FYR",Currency Issued by Central Government,National Currency,International Financial Statistics (IFS),Published,Units,0,0,0,0,0,0,0,0,0,0
Malaysia,Currency Issued by Central Government,National Currency,International Financial Statistics (IFS),Published,Units,0,0,0,0,0,0,0,0,0,0
Malaysia,"Interest Rates, Government Securities, Government Bonds",Percent per Annum,International Financial Statistics (IFS),Published,Units,4.08766666666667,3.56816666666667,4.0065,3.57191666666667,3.72916666666667,3.58941666666667,3.51891666666667,3.44808333333333,3.25216666666666,3.4245
Maldives,Currency Issued by Central Government,National Currency,International Financial Statistics (IFS),Published,Units,0,0,0,0,0,0,0,0,0,0
Maldives,"Interest Rates, Government Securities, Government Bonds",Percent per Annum,International Financial Statistics (IFS),Published,Units,,,,,,8,8,8,8,8
Malta,"Interest Rates, Government Securities, Government Bonds",Percent per Annum,International Financial Statistics (IFS),Published,Units,4.685,4.555,4.31833333333333,4.72416666666667,4.80833333333333,4.54166666666667,4.1875,4.48916666666667,4.12583333333333,3.3625
Mauritius,Currency Issued by Central Government,National Currency,International Financial Statistics (IFS),Published,Units,0,0,0,0,0,0,0,0,0,0
Mauritius,"Interest Rates, Government Securities, Government Bonds",Percent per Annum,International Financial Statistics (IFS),Published,Units,7.6075,8.38625,9.86,10.1525,10.1225,8.90125,6.93,6.735,6.08875,4.48725
Mexico,Currency Issued by Central Government,National Currency,International Financial Statistics (IFS),Published,Units,0,0,0,0,0,0,0,0,0,0
Mexico,"Interest Rates, Government Securities, Government Bonds",Percent per Annum,International Financial Statistics (IFS),Published,Units,9.53833333333334,9.4175,8.38833333333333,7.79333333333333,8.3125,7.96375,7.10875,6.65285714285714,5.59833333333333,5.6775
Moldova,Currency Issued by Central Government,National Currency,International Financial Statistics (IFS),Published,Units,,0,0,0,0,0,0,0,0,0
Moldova,"Interest Rates, Government Securities, Government Bonds",Percent per Annum,International Financial Statistics (IFS),Published,Units,,,9.52583333333333,14.7066666666667,,,7.90333333333333,12.4091666666667,7.15666666666667,6.18833333333333
Mongolia,Currency Issued by Central Government,National Currency,International Financial Statistics (IFS),Published,Units,0,0,0,0,0,0,0,0,0,0
Montserrat,Currency Issued by Central Government,National Currency,International Financial Statistics (IFS),Published,Units,0,0,0,0,0,0,0,0,0,0
Morocco,Currency Issued by Central Government,National Currency,International Financial Statistics (IFS),Published,Units,29430930000,27897044000,30825845000,29921520000,37378297000,48528823166.6667,49128094700,45108719434.1158,48897555264.47,42620178000
Morocco,"Interest Rates, Government Securities, Government Bonds",Percent per Annum,International Financial Statistics (IFS),Published,Units,5.6675,5.35083333333333,4.04,3.65,,,4.34,4.35958333333333,4.57208333325,
Mozambique,Currency Issued by Central Government,National Currency,International Financial Statistics (IFS),Published,Units,0,0,0,0,0,0,0,0,0,0
Myanmar,Currency Issued by Central Government,National Currency,International Financial Statistics (IFS),Published,Units,0,0,0,0,0,0,0,0,0,0
Myanmar,"Interest Rates, Government Securities, Government Bonds",Percent per Annum,International Financial Statistics (IFS),Published,Units,9,9,12,12,12,12,12,12,9,9
Namibia,Currency Issued by Central Government,National Currency,International Financial Statistics (IFS),Published,Units,0,0,0,0,0,0,0,0,0,0
Namibia,"Interest Rates, Government Securities, Government Bonds",Percent per Annum,International Financial Statistics (IFS),Published,Units,12.1070833333333,10.885,9.6075,10.02,10.02,10.02,,,,
Nepal,Currency Issued by Central Government,National Currency,International Financial Statistics (IFS),Published,Units,0,0,0,0,0,0,0,0,0,0
Nepal,"Interest Rates, Government Securities, Government Bonds",Percent per Annum,International Financial Statistics (IFS),Published,Units,6.625,6.5,6.125,6,6,6,6,6,6,6
Netherlands,"Interest Rates, Government Securities, Government Bonds",Percent per Annum,International Financial Statistics (IFS),Published,Units,4.09416666666667,3.37416666666667,3.78083333333333,4.28666666666667,4.2275,3.68666666666667,2.99166666666667,2.98916666666667,1.93275,1.9615
Netherlands Antilles,"Interest Rates, Government Securities, Government Bonds",Percent per Annum,International Financial Statistics (IFS),Published,Units,7.09166666666667,6.45833333333333,6.75333333333333,7.315,5.66166666666667,4.81666666666667,,,,
New Zealand,"Interest Rates, Government Securities, Government Bonds",Percent per Annum,International Financial Statistics (IFS),Published,Units,5.97885,5.97595833333333,6.00769166666667,6.80758333333333,6.16943333333333,4.660375,4.8554,4.02035833333333,3.11284754004577,3.51852298256346
Nicaragua,Currency Issued by Central Government,National Currency,International Financial Statistics (IFS),Published,Units,0,0,0,0,0,0,0,0,0,0
Nigeria,Currency Issued by Central Government,National Currency,International Financial Statistics (IFS),Published,Units,,,,0,0,0,0,0,0,
Norway,"Interest Rates, Government Securities, Government Bonds",Percent per Annum,International Financial Statistics (IFS),Published,Units,3.6,3.28,3.93416666666667,4.78083333333333,4.34666666666667,3.31583333333333,2.77083333333333,2.55666666666666,1.57416666666667,1.91916666666667
Oman,Currency Issued by Central Government,National Currency,International Financial Statistics (IFS),Published,Units,,,,0,0,0,0,0,0,0
Pakistan,Currency Issued by Central Government,National Currency,International Financial Statistics (IFS),Published,Units,3177000000,4658000000,4817000000,5241000000,5494000000,5747000000,5698000000,6308000000,7027000000,8166000000
Pakistan,"Interest Rates, Government Securities, Government Bonds",Percent per Annum,International Financial Statistics (IFS),Published,Units,4.63016666666667,6.19175,8.46916666666667,9.50083333333333,11.66,12.725,13.04532,13.3644583333333,11.7272166666667,
Papua New Guinea,Currency Issued by Central Government,National Currency,International Financial Statistics (IFS),Published,Units,0,0,0,0,0,0,0,0,0,0
Papua New Guinea,"Interest Rates, Government Securities, Government Bonds",Percent per Annum,International Financial Statistics (IFS),Published,Units,,7.995,8.17,8.42166666666667,9.23833333333333,11.66,10.8629166666667,8.945375,9.06083333333334,8.13166666666667
Paraguay,Currency Issued by Central Government,National Currency,International Financial Statistics (IFS),Published,Units,0,0,0,0,0,0,0,0,0,0
Philippines,Currency Issued by Central Government,National Currency,International Financial Statistics (IFS),Published,Units,,,0,0,0,0,0,0,0,0
Philippines,"Interest Rates, Government Securities, Government Bonds",Percent per Annum,International Financial Statistics (IFS),Published,Units,10.27,8.66,7.38375,5.34025,,,,,,
Poland,"Interest Rates, Government Securities, Government Bonds",Percent per Annum,International Financial Statistics (IFS),Published,Units,6.89666666666667,5.21833333333333,5.23166666666667,5.48416666666667,6.07166666666667,6.12,5.78166666666667,5.95583333333333,5,4.03361111111111
Portugal,"Interest Rates, Government Securities, Government Bonds",Percent per Annum,International Financial Statistics (IFS),Published,Units,4.14333333333333,3.4375,3.915,4.42416666666667,4.5225,4.21083333333333,5.39583333333333,10.2408333333333,10.5475,6.29416666666667
Qatar,Currency Issued by Central Government,National Currency,International Financial Statistics (IFS),Published,Units,0,0,0,0,0,0,0,0,0,0
Romania,Currency Issued by Central Government,National Currency,International Financial Statistics (IFS),Published,Units,0,0,0,0,0,0,0,0,0,0
Romania,"Interest Rates, Government Securities, Government Bonds",Percent per Annum,International Financial Statistics (IFS),Published,Units,,,7.23,7.13833333333333,7.69583333333333,9.69416666666667,7.33666666666667,6.65083333333333,5.68583333333333,4.24833333333333
Russian Federation,Currency Issued by Central Government,National Currency,International Financial Statistics (IFS),Published,Units,0,0,0,0,0,0,0,0,0,0
Russian Federation,"Interest Rates, Government Securities, Government Bonds",Percent per Annum,International Financial Statistics (IFS),Published,Units,,7.84333333333333,6.735,6.5225,7.53416666666667,10.0566666666667,7.56833333333334,7.71,,
Samoa,Currency Issued by Central Government,National Currency,International Financial Statistics (IFS),Published,Units,,,0,0,0,0,0,0,0,0
Samoa,"Interest Rates, Government Securities, Government Bonds",Percent per Annum,International Financial Statistics (IFS),Published,Units,13.5,13.5,13.5,,,,,,,
Sao Tome and Principe,Currency Issued by Central Government,National Currency,International Financial Statistics (IFS),Published,Units,,,0,0,0,0,0,0,0,0
"Serbia, Republic of",Currency Issued by Central Government,National Currency,International Financial Statistics (IFS),Published,Units,0,0,0,0,0,0,0,0,0,0
Seychelles,Currency Issued by Central Government,National Currency,International Financial Statistics (IFS),Published,Units,0,0,0,0,0,0,0,0,0,0
Seychelles,"Interest Rates, Government Securities, Government Bonds",Percent per Annum,International Financial Statistics (IFS),Published,Units,6.58,6,6.89,7.13888888888889,7.32,8.75,8.0625,9,,
Sierra Leone,Currency Issued by Central Government,National Currency,International Financial Statistics (IFS),Published,Units,0,0,0,0,0,0,0,0,0,0
Singapore,"Interest Rates, Government Securities, Government Bonds",Percent per Annum,International Financial Statistics (IFS),Published,Units,3.23416666666667,2.91666666666667,3.36,2.8775,2.77666666666667,2.3675,2.37333333333333,2.09166666666667,1.4575,2.06416666666667
Slovak Republic,"Interest Rates, Government Securities, Government Bonds",Percent per Annum,International Financial Statistics (IFS),Published,Units,5.02583333333333,3.52166666666667,4.41166666666667,4.49083333333333,4.72333333333333,4.70666666666667,3.87166666666667,4.415,4.5525,3.1875
Slovenia,"Interest Rates, Government Securities, Government Bonds",Percent per Annum,International Financial Statistics (IFS),Published,Units,4.68333333333333,3.80666666666667,3.85333333333333,4.52916666666667,4.60666666666667,4.375,3.8325,4.97083333333333,5.80833333333333,5.81166666666667
Solomon Islands,Currency Issued by Central Government,National Currency,International Financial Statistics (IFS),Published,Units,0,0,0,0,0,0,0,0,0,0
Solomon Islands,"Interest Rates, Government Securities, Government Bonds",Percent per Annum,International Financial Statistics (IFS),Published,Units,4.59653840604769,2.99353791211355,3.24353791211355,3.24117930403785,3.24,3.24,3.24,3.24,3.24,3.24
South Africa,Currency Issued by Central Government,National Currency,International Financial Statistics (IFS),Published,Units,0,0,0,0,0,0,0,0,0,0
South Africa,"Interest Rates, Government Securities, Government Bonds",Percent per Annum,International Financial Statistics (IFS),Published,Units,9.52666666666667,8.06666666666667,7.9375,7.985,9.1,8.70333333333333,8.615,8.52,7.9,7.7225
South Sudan,Currency Issued by Central Government,National Currency,International Financial Statistics (IFS),Published,Units,,,,,,,,0,0,0
Spain,"Interest Rates, Government Securities, Government Bonds",Percent per Annum,International Financial Statistics (IFS),Published,Units,4.10333333333333,3.3875,3.785,4.3075,4.36666666666667,3.97916666666667,4.25083333333333,5.44,5.845,4.56166666666666
St. Kitts and Nevis,Currency Issued by Central Government,National Currency,International Financial Statistics (IFS),Published,Units,0,0,0,0,0,0,0,0,0,0
St. Lucia,Currency Issued by Central Government,National Currency,International Financial Statistics (IFS),Published,Units,0,0,0,0,0,0,0,0,0,0
St. Vincent and the Grenadines,Currency Issued by Central Government,National Currency,International Financial Statistics (IFS),Published,Units,0,0,0,0,0,0,0,0,0,0
Sudan,Currency Issued by Central Government,National Currency,International Financial Statistics (IFS),Published,Units,,,0,0,0,0,0,0,0,0
Suriname,Currency Issued by Central Government,National Currency,International Financial Statistics (IFS),Published,Units,20300000,28600000,26500000,23600000,20000000,18000000,17941000,22779140,13944000,17343000
Swaziland,Currency Issued by Central Government,National Currency,International Financial Statistics (IFS),Published,Units,0,0,0,0,0,0,0,0,0,0
Sweden,"Interest Rates, Government Securities, Government Bonds",Percent per Annum,International Financial Statistics (IFS),Published,Units,4.425,3.38333333333333,3.705,4.1675,3.88833333333333,3.25,2.89333333333333,2.60583333333333,1.5925,2.12
Switzerland,"Interest Rates, Government Securities, Government Bonds",Percent per Annum,International Financial Statistics (IFS),Published,Units,2.38,1.96,2.49,3.11,2.15,1.97,1.67,0.74,0.56,1.25
Syrian Arab Republic,Currency Issued by Central Government,National Currency,International Financial Statistics (IFS),Published,Units,,,,,0,0,0,,,
Tajikistan,Currency Issued by Central Government,National Currency,International Financial Statistics (IFS),Published,Units,0,0,0,0,0,0,0,0,0,0
Tanzania,Currency Issued by Central Government,National Currency,International Financial Statistics (IFS),Published,Units,0,0,0,0,0,0,0,0,0,0
Thailand,Currency Issued by Central Government,National Currency,International Financial Statistics (IFS),Published,Units,27619000000,28442000000,32532000000,35707000000,38664000000,40675000000,43348000000,46953000000,50864000000,54322000000
Thailand,"Interest Rates, Government Securities, Government Bonds",Percent per Annum,International Financial Statistics (IFS),Published,Units,4.86219905226039,5.00166666666667,5.385,4.59583333333333,4.5575,3.905,3.60416666666667,3.69333333333333,3.53333333333333,3.79964912878788
"Timor-Leste, Dem. Rep. of",Currency Issued by Central Government,US Dollars,International Financial Statistics (IFS),Published,Units,0,0,0,0,0,0,0,0,0,0
Tonga,Currency Issued by Central Government,National Currency,International Financial Statistics (IFS),Published,Units,0,0,0,0,0,0,0,0,0,0
Trinidad and Tobago,Currency Issued by Central Government,National Currency,International Financial Statistics (IFS),Published,Units,,0,0,0,0,0,0,0,0,0
Turkey,Currency Issued by Central Government,National Currency,International Financial Statistics (IFS),Published,Units,134490000,488341700,626958400,722364200,777663100,476768800,828857700,993572200,1139324800,1290908600
Uganda,Currency Issued by Central Government,National Currency,International Financial Statistics (IFS),Published,Units,0,0,0,0,0,0,0,0,0,0
Ukraine,Currency Issued by Central Government,National Currency,International Financial Statistics (IFS),Published,Units,0,0,0,0,0,0,0,0,0,0
United Kingdom,"Interest Rates, Government Securities, Government Bonds",Percent per Annum,International Financial Statistics (IFS),Published,Units,4.88226666666667,4.41389166666667,4.501675,5.011275,4.590725,3.64751666666667,3.61191666666667,3.120425,1.90640833333333,2.45108333333333
United States,Currency Issued by Central Government,US Dollars,International Financial Statistics (IFS),Published,Units,36434000000,36540000000,38206000000,38681000000,38843000000,42690000000,43567000000,44250000000,44803000000,45516000000
United States,"Interest Rates, Government Securities, Government Bonds",Percent per Annum,International Financial Statistics (IFS),Published,Units,4.27416666666667,4.29,4.79166666666667,4.62916666666667,3.66666666666667,3.25666666666667,3.21416666666667,2.78583333333333,1.8025,2.35083333333333
Uruguay,Currency Issued by Central Government,National Currency,International Financial Statistics (IFS),Published,Units,0,0,0,0,0,0,0,0,0,0
Vanuatu,Currency Issued by Central Government,National Currency,International Financial Statistics (IFS),Published,Units,0,0,0,0,0,0,0,0,0,0
Vanuatu,"Interest Rates, Government Securities, Government Bonds",Percent per Annum,International Financial Statistics (IFS),Published,Units,8.5,8.5,8.5,8.58333333333333,8.5,8.4475,8.2375,7.9125,7.63916666666667,7.81833333333333
"Venezuela, Republica Bolivariana de",Currency Issued by Central Government,National Currency,International Financial Statistics (IFS),Published,Units,0,0,0,0,0,0,0,0,0,0
"Venezuela, Republica Bolivariana de","Interest Rates, Government Securities, Government Bonds",Percent per Annum,International Financial Statistics (IFS),Published,Units,15.5682804978815,12.9275,7.81,9.55,14.47,12.83875,15.5283333333333,17.493,16.7575,15.265
West Bank and Gaza,Currency Issued by Central Government,US Dollars,International Financial Statistics (IFS),Published,Units,,,0,0,0,0,0,0,0,0
Zambia,Currency Issued by Central Government,National Currency,International Financial Statistics (IFS),Published,Units,0,0,0,0,0,0,0,0,0,0
Eastern Caribbean Currency Union,Currency Issued by Central Government,National Currency,International Financial Statistics (IFS),Published,Units,0,0,0,0,0,0,0,0,0,0