Country,Concept,Data Source,Status,Unit,Scale,2003,2004,2005,2006,2007,2008,2009,2010,2011,2012
"Afghanistan, Islamic Republic of",Monetary Base,International Financial Statistics (IFS),Published,National Currency,Millions,,,,53789.441831,67761.05134777,92641.14207797,117359.38884532,159294.136946715,200263.52856059,207458.79107322
"Afghanistan, Islamic Republic of",Currency In Circulation,International Financial Statistics (IFS),Published,National Currency,Millions,,,,47418.117765,58546.92903271,72825.46756537,89843.77963242,122865.99044674,148380.90166535,150008.47916725
Albania,Monetary Base,International Financial Statistics (IFS),Published,National Currency,Billions,160.56718626537,178.59810119601,198.25024807698,217.62470920111,228.23090730108,271.72919354668,284.83965640539,283.45350290961,289.80951195776,297.72191516668
Albania,Currency In Circulation,International Financial Statistics (IFS),Published,National Currency,Billions,127.789573713,141.644797271,153.570135907,168.25491435,161.181907774,203.732807876,216.767578759,202.386718087,202.906545922,200.898666682
Albania,"Interest Rates, Government Securities, Treasury Bills",International Financial Statistics (IFS),Published,Percent per Annum,Units,8.80972366666667,6.7937019,5.52174276666667,5.48912708333333,5.93237143069444,6.24173510048611,6.27328686416667,5.82608326458333,5.46302376125,5.152268622625
Algeria,Monetary Base,International Financial Statistics (IFS),Published,National Currency,Billions,1161.88603840668,1160.53470642945,1178.69266812614,1342.52435647787,1729.00317840591,1925.52128348021,2214.1654838007,2616.87522276531,3137.92196957513,3709.15064738171
Algeria,Currency In Circulation,International Financial Statistics (IFS),Published,National Currency,Billions,787.66180652503,882.46487769248,930.26373095694,1092.10333686338,1301.31528157366,1561.72962098032,1849.91020548891,2132.1907979012,2610.47095198545,2997.2012865693
Algeria,"Interest Rates, Government Securities, Treasury Bills",International Financial Statistics (IFS),Published,Percent per Annum,Units,1.67166666666667,0.8675,0.751666666666667,2.14333333333333,0.95875,0.334166666666667,0.67,0.313333333333333,0.211666666666667,0.489166666666667
Angola,Monetary Base,International Financial Statistics (IFS),Published,National Currency,Millions,58629.49458281,91405.62393011,152098.55719085,153592.87047499,246574.00170968,400013.75259063,702135.59958765,802810.55634754,989393.39557238,1006829.66637633
Angola,Currency In Circulation,International Financial Statistics (IFS),Published,National Currency,Millions,40594.276358,56346.2817226,78542.5752266,93503.2610761,113508.3110367,168372.6200374,213937.175881,229840.2119645,287545.9372928,335504.8507908
Angola,"Interest Rates, Government Securities, Treasury Bills",International Financial Statistics (IFS),Published,Percent per Annum,Units,,57.21,31.6266666666667,,,,,10.82,6.92580555555556,3.44722222222222
Anguilla,Monetary Base,International Financial Statistics (IFS),Published,National Currency,Millions,89.632088,92.484187,107.192347,115.770352,130.831989,117.670029,121.730873,114.404431665991,104.888818374796,116.72382809396
Anguilla,Currency In Circulation,International Financial Statistics (IFS),Published,National Currency,Millions,13.013087,14.200259,14.408099,18.405415,18.945967,24.091842,22.851478,18.6609026659909,17.8773373447963,16.9303482039605
Antigua and Barbuda,Monetary Base,International Financial Statistics (IFS),Published,National Currency,Millions,333.738474,345.188049,365.55894,405.284779,413.252628,391.700576,392.544108,434.846967157097,513.069030574608,546.106722968114
Antigua and Barbuda,Currency In Circulation,International Financial Statistics (IFS),Published,National Currency,Millions,135.09307,154.462336,169.833203,183.837296,194.186245,201.377912,182.596547,172.233520157097,169.946449574608,164.167264848114
Antigua and Barbuda,"Interest Rates, Government Securities, Treasury Bills",International Financial Statistics (IFS),Published,Percent per Annum,Units,7,7,7,6.52,6.33333333333333,6.015,6.375,6.25,6.5,5.875
"Armenia, Republic of",Monetary Base,International Financial Statistics (IFS),Published,National Currency,Millions,118685.5430544,134049.8158533,208272.6475765,290397.3967779,427118.4917457,449730.670714,511677.9286188,519654.7292522,671270.5483557,708854.8836719
"Armenia, Republic of",Currency In Circulation,International Financial Statistics (IFS),Published,National Currency,Millions,96838.1709502,105533.6687087,155274.7231742,226841.1346703,350273.6642259,344503.2315377,320669.6311127,348164.7339914,398777.3618386,440117.1226449
"Armenia, Republic of","Interest Rates, Government Securities, Treasury Bills",International Financial Statistics (IFS),Published,Percent per Annum,Units,11.9117979963455,5.27059388888889,4.05046944444444,4.86519239105275,6.08895833333333,7.6877800125,9.41960964738192,10.5858265773626,9.525775,9.7958375
Australia,Monetary Base,International Financial Statistics (IFS),Published,National Currency,Millions,34167,34927,37042,38962,44961,52147,51635,53139,55856,59083
Australia,Currency In Circulation,International Financial Statistics (IFS),Published,National Currency,Millions,34023,34861,37001,38946,44939,51709,51615,53082,55817,58982
Australia,"Interest Rates, Government Securities, Treasury Bills",International Financial Statistics (IFS),Published,Percent per Annum,Units,,,,,,,3.14751812275253,4.44125,4.55604166666667,3.49354166666667
Austria,Currency In Circulation,International Financial Statistics (IFS),Published,Euros,Billions,12.286,14.106,15.904,17.651,18.979,21.352,21.81,22.76,24.044,24.754
"Azerbaijan, Republic of",Monetary Base,International Financial Statistics (IFS),Published,National Currency,Millions,516.79645508103,833.701684414484,886.0291752352,2044.77510821,3441.48701067,4963.88605963,4907.71709033,6520.91095299,8489.40062515,10660.2909476
"Azerbaijan, Republic of",Currency In Circulation,International Financial Statistics (IFS),Published,National Currency,Millions,433.70396769783,526.20719044998,594.10833978678,1449.28629427,2911.15524284,4425.8205668,4512.70997456,5793.21914708,7658.48557138,9777.52173492
"Azerbaijan, Republic of","Interest Rates, Government Securities, Treasury Bills",International Financial Statistics (IFS),Published,Percent per Annum,Units,7.9975,4.62208333333333,7.515,10.0383333333333,10.6391666666667,10.477777777,3.30666666666667,1.82916666666667,2.28166666666667,2.43
"Bahamas, The","Interest Rates, Government Securities, Treasury Bills",International Financial Statistics (IFS),Published,Percent per Annum,Units,1.77583333333333,0.555,0.140833333333333,0.868333333333333,2.66320833333333,2.73385833333333,2.6169,2.27746666666667,1.248325,0.235708333333333
"Bahrain, Kingdom of","Interest Rates, Government Securities, Treasury Bills",International Financial Statistics (IFS),Published,Percent per Annum,Units,1.1325,1.55666666666667,3.5675,5.035,4.86416666666667,2.52979166666667,1.05516666666667,0.831041666666667,0.955375000000001,1.20754166666667
Bangladesh,Monetary Base,International Financial Statistics (IFS),Published,National Currency,Millions,243339,262394,328942,453614,505225,594710,700689,853401,987028,1155239
Bangladesh,Currency In Circulation,International Financial Statistics (IFS),Published,National Currency,Millions,154628,182820,219784,314356,349972,403675,444593,573182,631812,717332
Barbados,Monetary Base,International Financial Statistics (IFS),Published,National Currency,Millions,1085.18,773.8,779.26,932.57813101,1273.799645,1293.641981,1220.307483,1031.89906,1200.016215,
Barbados,Currency In Circulation,International Financial Statistics (IFS),Published,National Currency,Millions,474.66,513.33,575.86,596.05699309,635.172597,622.400397,628.98088,648.760065,650.217648,
Barbados,"Interest Rates, Government Securities, Treasury Bills",International Financial Statistics (IFS),Published,Percent per Annum,Units,1.41083333333333,1.20416666666667,4.62416666666667,5.96166666666667,5.6475,4.1975,3.75916666666667,3.30166666666666,3.40666666666667,3.5
Belarus,Monetary Base,International Financial Statistics (IFS),Published,National Currency,Billions,1686.9770835,2393.9989,4159.1401,4983.8733,6896.2769,7702.6573,6813.2215,10187.5969,18757.4617,30318.414
Belarus,Currency In Circulation,International Financial Statistics (IFS),Published,National Currency,Billions,1053.3492028,1553.3793,2368.3166,3365.3153,4007.3963,4941.781,4924.5191,6207.8878,9449.9115,16136.6281
Belgium,Currency In Circulation,International Financial Statistics (IFS),Published,Euros,Millions,14877,17223,19434,21618,23238,26047,27059,28229,29809,30544
Belgium,"Interest Rates, Government Securities, Treasury Bills",International Financial Statistics (IFS),Published,Percent per Annum,Units,2.23333333333333,1.9725,2.02416666666667,2.7275,3.79916666666667,3.63083333333333,0.58,0.324166666666666,0.784166666666667,0.07
Belize,Monetary Base,International Financial Statistics (IFS),Published,National Currency,Millions,203.613,230.005,255.421,321.45890322,336.24749897,382.8875333,428.63478594,416.88230889,476.19024812,567.61854978
Belize,Currency In Circulation,International Financial Statistics (IFS),Published,National Currency,Millions,127.627,141.95,143.089,169.35433934,185.7731485,193.19583803,191.97318556,191.60255744,210.57850905,238.14056986
Belize,"Interest Rates, Government Securities, Treasury Bills",International Financial Statistics (IFS),Published,Percent per Annum,Units,3.22,3.22,3.22,3.22,3.22,3.22,3.22,3.03853333333333,2.42441375,2.08527416666667
Bhutan,Monetary Base,International Financial Statistics (IFS),Published,National Currency,Millions,8280.9559942,9222.47944877,12732.544842,12284.81945241,14517.594976,15784.977979,22318.0599537,27248.62528181,21173.43246414,19148.35155684
Bhutan,Currency In Circulation,International Financial Statistics (IFS),Published,National Currency,Millions,1865.027365,2142.733135,2518.86627,2908.344654,4070.04274,4816.247252,5218.761411,6189.398111,7576.110018,6729.751568
Bolivia,Monetary Base,International Financial Statistics (IFS),Published,National Currency,Millions,8210.1206601606,9438.215254988,11018.822934475,16024.0603214486,23532.9780174446,28695.3542463276,35109.9339123453,40580.7630389477,53669.7820005422,63884.0966276346
Bolivia,Currency In Circulation,International Financial Statistics (IFS),Published,National Currency,Millions,3524.67612379,4282.9514355,6179.50948535,8773.57322388,14102.84819708,17043.31910552,18892.39291636,24585.62226757,28585.08716164,32665.08616045
Bolivia,"Interest Rates, Government Securities, Treasury Bills",International Financial Statistics (IFS),Published,Percent per Annum,Units,9.92465594875013,7.41137858281158,4.96376354833274,4.5582601492812,6.03619753822071,8.30920369537296,2.85654268289445,0.0699439735634928,0.461476293404165,0.523032007573624
Bosnia and Herzegovina,Monetary Base,International Financial Statistics (IFS),Published,National Currency,Millions,2609.14747,3240.83112,3972.37368,5056.56293924,6229.00360935,5704.04424929,5648.86618464,5899.74039554,5848.90569893,5801.67601564
Bosnia and Herzegovina,Currency In Circulation,International Financial Statistics (IFS),Published,National Currency,Millions,1721.85825,1817.42726,1907.18294,2154.23416435,2439.70915255,2552.43190215,2267.7341151,2497.50144535,2645.05550855,2747.5118418
Botswana,Monetary Base,International Financial Statistics (IFS),Published,National Currency,Millions,3981.8166745,5069.577263172,6104.24818779,16131.43715726,19140.14328623,20826.85255712,20751.28156673,23292.70337214,16015.01722704,15256.64228164
Botswana,Currency In Circulation,International Financial Statistics (IFS),Published,National Currency,Millions,817.995016,910.858,935.263223,1069.719047,1360.905957,1593.969706,1659.187368,1915.663808,2089.157938,2274.816173
Brazil,Monetary Base,International Financial Statistics (IFS),Published,National Currency,Millions,160771,168345,181385,204249,248840,205623,228924,530561,587671,508029.545992577
Brazil,Currency In Circulation,International Financial Statistics (IFS),Published,National Currency,Millions,51364,61936,70033,85825,102885,115591,131861,151145,162770,187435
Brazil,"Interest Rates, Government Securities, Treasury Bills",International Financial Statistics (IFS),Published,Percent per Annum,Units,22.1049957769491,17.137,18.7595833333333,14.37675,11.5007833333333,13.6839142857143,9.70225833333333,10.9308333333333,11.6624333333333,8.06743333333333
Brunei Darussalam,Monetary Base,International Financial Statistics (IFS),Published,National Currency,Millions,1157.94568732,1262.91775542,1376.85100891,1394.58654474,1458.91972167,1691.25976752,1624.32215975,1744.14112171,2665.47886251,2887.00748311
Brunei Darussalam,Currency In Circulation,International Financial Statistics (IFS),Published,National Currency,Millions,650.9801798,667.05208727,704.65159969,739.874653120001,848.834481140001,921.78722551,954.51361579,1023.71116947,1689.98696032,1627.05169234
Bulgaria,Monetary Base,International Financial Statistics (IFS),Published,National Currency,Millions,6779.587,8434.96,9333.35,11114.5,14999.99,14956.58,14217.05,14666.07,15905.03,18683.58
Bulgaria,Currency In Circulation,International Financial Statistics (IFS),Published,National Currency,Millions,4264.222,5020.24,5867.21,6888.58,8410.87,9179.41,8049.1,8302.43,8728.75,9549.92
Bulgaria,"Interest Rates, Government Securities, Treasury Bills",International Financial Statistics (IFS),Published,Percent per Annum,Units,2.80833333333333,2.64416666666667,2.23166666666667,2.5767,3.789025,4.06,4.665,2.56,1.25,
Burundi,Monetary Base,International Financial Statistics (IFS),Published,National Currency,Millions,55665.2,76336.2,101221.4,108143.5,125490.9,156438.5,198044.1,209859.9,211228.7,245341.4
Burundi,Currency In Circulation,International Financial Statistics (IFS),Published,National Currency,Millions,48329.6,61610.2,73203.7,76883,92976,124230.9,136206.2,155835.2,170106,198246.9
Burundi,"Interest Rates, Government Securities, Treasury Bills",International Financial Statistics (IFS),Published,Percent per Annum,Units,16.55,14.95,7.92,8.84,,,,,,
Cabo Verde,Monetary Base,International Financial Statistics (IFS),Published,National Currency,Millions,17273.8,18463.4,21113.5211833,21861.129656,24040.652164,25958.907688,26829.093007,25916.249175,24438.949781,32579.829119
Cabo Verde,Currency In Circulation,International Financial Statistics (IFS),Published,National Currency,Millions,7324.1,7837.3,8691.5103823,9187.971702,9982.797432,10349.751236,9850.569243,10190.267277,9846.156563,9828.621577
Cabo Verde,"Interest Rates, Government Securities, Treasury Bills",International Financial Statistics (IFS),Published,Percent per Annum,Units,5.81421298770657,6.42090965189721,4.07196887711318,2.69525,3.40921338758955,3.40760044070513,3.520975,3.88861666666667,3.95833333333333,4.17708333333333
Cambodia,Monetary Base,International Financial Statistics (IFS),Published,National Currency,Billions,2159.428633352,2681.0601709,2639.442855564,3387.280448102,5025.83599253281,6109.7529,8752.35,10270.1162,11072.807741194,13080.951761543
Cambodia,Currency In Circulation,International Financial Statistics (IFS),Published,National Currency,Billions,977.276002,1158.4962511,1310.95841765,1633.1029122,2043.88613885,2393.7571,3094.678,3240.9946,3953.4514076,3986.4688207
Cameroon,Monetary Base,International Financial Statistics (IFS),Published,National Currency,Billions,576.538,675.89,675.095,860.352,1121.642,1126.173,1219.167,1384.557,1343.736,1458.339
Cameroon,Currency In Circulation,International Financial Statistics (IFS),Published,National Currency,Billions,362.12,391.863,363.813,392.257,491.967,557.07,582.134,639.164,661.995,705.338
Canada,Monetary Base,International Financial Statistics (IFS),Published,National Currency,Billions,42.690891,44.741416,46.127738,48.773998,51.066777,53.757277,58.467522,57.921736,61.135441,63.886411
Canada,Currency In Circulation,International Financial Statistics (IFS),Published,National Currency,Billions,42.190611,44.240545,46.07789,48.762193,50.565246,53.73133,55.467894,57.874242,61.028761,63.700027
Canada,"Interest Rates, Government Securities, Treasury Bills",International Financial Statistics (IFS),Published,Percent per Annum,Units,2.87008333333333,2.21991666666667,2.72608333333333,4.03416666666667,4.15166666666667,2.39,0.35,0.5975,0.921666666666667,0.9725
Central African Republic,Monetary Base,International Financial Statistics (IFS),Published,National Currency,Billions,72.793,83.845,98.381,83.842,68.298,82.77,105.93,108.357,117.196,114.422
Central African Republic,Currency In Circulation,International Financial Statistics (IFS),Published,National Currency,Billions,71.88,83.325,92.25,82.674,62.419,76.487,86.425,98.78,110.801,110.789
Chad,Monetary Base,International Financial Statistics (IFS),Published,National Currency,Billions,136.056,148.628,194.435,302.015,324.923,399.353,367.508,448.436,509.892,555.894
Chad,Currency In Circulation,International Financial Statistics (IFS),Published,National Currency,Billions,123.4,128.521,171.677,235.18,262.346,343.935,309.996,368.399,400.33,428.387
Chile,Monetary Base,International Financial Statistics (IFS),Published,National Currency,Billions,7381.50593,8275.46477,2928.169331564,3405.611237188,3672.15331516,4229.786934355,4582.203518024,5525.857540433,6855.602389614,7890.360355966
Chile,Currency In Circulation,International Financial Statistics (IFS),Published,National Currency,Billions,1917.726,2143.372,2466.319196116,2823.073145064,3315.835636981,3685.750864267,4189.634862434,4748.482912975,5265.742562889,6195.118184829
"China, P.R.: Hong Kong","Interest Rates, Government Securities, Treasury Bills",International Financial Statistics (IFS),Published,Percent per Annum,Units,-0.08,0.07,3.65,3.29,1.96,0.05,0.07,0.28,0.22,0.05
"China, P.R.: Macao",Monetary Base,International Financial Statistics (IFS),Published,National Currency,Millions,4678.62900000001,5370.78699999998,5775.289,6943.738,8233.599,9238.862,17123.195,19736.698,23697.041,31571.212
"China, P.R.: Macao",Currency In Circulation,International Financial Statistics (IFS),Published,National Currency,Millions,2507.55000000001,2933.67399999998,3250.012,3806.887,4458.052,5016.595,5572.843,6054.427,7067.228,8806.771
Colombia,Monetary Base,International Financial Statistics (IFS),Published,National Currency,Billions,16614.631928,19261.618162,22804.646458,27032.198114,32415.323119,36194.903794,39546.60889,44877.585722,51341.92926,56464.373254
Colombia,Currency In Circulation,International Financial Statistics (IFS),Published,National Currency,Billions,14770.727766,16688.105339,19639.067877,24462.867257,27461.345213,30541.262458,32304.680337,36707.374358,41188.186036,43864.664778
Comoros,Monetary Base,International Financial Statistics (IFS),Published,National Currency,Millions,27997.630675,27550.642196,27175.18163,26898.806218,28567.198799,31632.650004,37042.587872,39193.427407,45099.147081,53589.48546
Comoros,Currency In Circulation,International Financial Statistics (IFS),Published,National Currency,Millions,11615.431835,11895.493142,11599.203562,12926.040873,13698.367285,13972.312884,16049.970635,19616.217521,22135.681008,24455.78796
"Congo, Democratic Republic of",Monetary Base,International Financial Statistics (IFS),Published,National Currency,Millions,68765.187207,116679.600207,133640.426023979,206000.202204979,283235.25958027,378371.94512795,467683.2409959,611028.79773767,792239.14080056,843832.37389778
"Congo, Democratic Republic of",Currency In Circulation,International Financial Statistics (IFS),Published,National Currency,Millions,65896.799,105888.509,123793.722736,185333.765409,243784.78319078,320274.19696418,394659.39043551,510071.292879,647486.8599912,642560.17910518
"Congo, Republic of",Monetary Base,International Financial Statistics (IFS),Published,National Currency,Billions,182.556,221.071,374.305,457.375,557.651,803.552510953,723.469,841.577,1153.735,1356.5
"Congo, Republic of",Currency In Circulation,International Financial Statistics (IFS),Published,National Currency,Billions,141.507,165.413,230.788,296.065,334.323,431.560254059,434.645,483.506,564.028,621.561
Costa Rica,Monetary Base,International Financial Statistics (IFS),Published,National Currency,Billions,1450.00113300395,1603.85481277599,2072.85802966986,2710.28293415006,3245.92974820703,3184.30758917525,3347.42948962189,3410.83738012875,3915.21021496543,4557.91675124426
Costa Rica,Currency In Circulation,International Financial Statistics (IFS),Published,National Currency,Billions,275.36710461325,277.73615851095,332.16857552095,413.18298891445,546.26150052495,575.00268404145,612.9945237291,665.0455334818,743.0861710743,844.77396531425
Croatia,Monetary Base,International Financial Statistics (IFS),Published,National Currency,Millions,37289.78030825,44708.68634025,53898.03257218,62920.89095374,66197.6483192,57765.09910349,61199.39865967,61142.78543309,68098.62873842,66951.43709668
Croatia,Currency In Circulation,International Financial Statistics (IFS),Published,National Currency,Millions,12256.30917577,12826.64464071,14374.53825123,17307.27121397,19313.24114754,20479.27362439,18941.72263308,19311.46179996,20943.01273666,21627.9291866
Cyprus,Currency In Circulation,International Financial Statistics (IFS),Published,Euros,Millions,,,,,,1452,1537,1607,1696,1739
Cyprus,"Interest Rates, Government Securities, Treasury Bills",International Financial Statistics (IFS),Published,Percent per Annum,Units,3.51,4.4425,4.3375,2.5633333333,3.59,,,,,
Czech Republic,Monetary Base,International Financial Statistics (IFS),Published,National Currency,Billions,279.574,289.545,311.443,358.014,393.732,516,439.576,449.322,476.288,565.726
Czech Republic,Currency In Circulation,International Financial Statistics (IFS),Published,National Currency,Billions,247.362,261.429,287.762,321.495,353.09,398.536,386.473,390.805,410.933,421.426
Czech Republic,"Interest Rates, Government Securities, Treasury Bills",International Financial Statistics (IFS),Published,Percent per Annum,Units,2.28783333333333,2.26483333333333,1.94825,2.13562983333333,2.83855391666667,3.62,1.29,0.946766666666667,0.832737666666667,0.616806253931409
Denmark,Monetary Base,International Financial Statistics (IFS),Published,National Currency,Billions,66.283,61.452,71.041,69.644,72.267,92.609,91.602,83.484,99.545,189.231
Denmark,Currency In Circulation,International Financial Statistics (IFS),Published,National Currency,Billions,49.685,52.039,56.217,59.767,61.553,61.283,60.76,62.542,62.407,65.805
Dominica,Monetary Base,International Financial Statistics (IFS),Published,National Currency,Millions,126.639228,117.752997,123.481063,147.979331,157.595183,134.31557,150.265213,161.902060152112,185.851407334232,211.409287559247
Dominica,Currency In Circulation,International Financial Statistics (IFS),Published,National Currency,Millions,50.897964,52.816304,57.257784,62.421899,67.907959,63.292964,70.991124,67.843547152112,67.2399610742316,63.8926810792467
Dominica,"Interest Rates, Government Securities, Treasury Bills",International Financial Statistics (IFS),Published,Percent per Annum,Units,6.4,6.4,6.4,6.4,6.4,6.4,6.4,6.4,6.4,4.34583333333333
Dominican Republic,Monetary Base,International Financial Statistics (IFS),Published,National Currency,Millions,86787.071,97313.789,156683.47756321,154615.29712059,176691.7985908,181787.41631231,187280.05094887,209752.97772236,225928.485729083,229706.82321564
Dominican Republic,Currency In Circulation,International Financial Statistics (IFS),Published,National Currency,Millions,37579.5,40678.542,49910.57705096,53498.19547173,62290.89378464,62470.42487471,70162.31017727,74032.25870063,78220.53934212,86506.74635018
Ecuador,Monetary Base,International Financial Statistics (IFS),Published,US Dollars,Millions,629.083482,722.98,1071.2,1204.5,1620.71,2393.13,2355.236829,2205.449733,2466.014784,3376.97201
Ecuador,Currency In Circulation,International Financial Statistics (IFS),Published,US Dollars,Millions,49.714886,58.1,62.75,65.95,71.42,77.32,77.364671,82.432862,83.197874,84.516947
Egypt,Monetary Base,International Financial Statistics (IFS),Published,National Currency,Millions,155065.1,134576.976968,197385.554085,272402.725941,325345.2991,291060.2509,296302.0484,333295.7581,259872.2119,268322.4196
Egypt,Currency In Circulation,International Financial Statistics (IFS),Published,National Currency,Millions,56430.3,63363.392315,73172.991585,87961.871441,103673.9189,121280.8378,134039.2103,153209.3448,187291.8789,216301.0184
Egypt,"Interest Rates, Government Securities, Treasury Bills",International Financial Statistics (IFS),Published,Percent per Annum,Units,6.9,9.9,8.572,9.534,6.852,11.369,9.842,9.277,13.95,12.964
El Salvador,Monetary Base,International Financial Statistics (IFS),Published,US Dollars,Millions,2230.514,2086.632,2063.137,2129.72,2603.165,2670.42,2725.255,2697.786,2524.855,2416.917
El Salvador,Currency In Circulation,International Financial Statistics (IFS),Published,US Dollars,Millions,41.922,36.302,34.492,33.829,33.321,33.056,32.93,4.775,4.564,4.355
Equatorial Guinea,Monetary Base,International Financial Statistics (IFS),Published,National Currency,Billions,118.446,150.882,267.652,282.61375,359.02775,323.516,501.157,597.433,695.33,1435.775
Equatorial Guinea,Currency In Circulation,International Financial Statistics (IFS),Published,National Currency,Billions,40.175,53.054,66.847,79.248,93.986,104.702,143.647,182.936,250.57,278.794
Eritrea,Monetary Base,International Financial Statistics (IFS),Published,National Currency,Millions,5859.5976446,6228.9425776,6690.74705676,7004.16501259,8241.00004269,10436.35743343,12835.82314531,14995.11836061,16500.46401586,
Eritrea,Currency In Circulation,International Financial Statistics (IFS),Published,National Currency,Millions,3318.92719006,3824.44876772,4128.81294481,3974.78333769,4595.0331757,5822.44052399,7584.25925917,8694.95865574,11104.62421093,
Estonia,Currency In Circulation,International Financial Statistics (IFS),Published,Euros,Millions,,,,,,,,,2118,2180
Ethiopia,"Interest Rates, Government Securities, Treasury Bills",International Financial Statistics (IFS),Published,Percent per Annum,Units,1.308,0.5645,0.247579023829062,0.0847475322467493,0.93051494816441,0.679136667869889,,,,
Euro Area,Currency In Circulation,International Financial Statistics (IFS),Published,Euros,Billions,450.521,517.281,582.661,647.083,697.124,784.662,829.281,863.719,913.625,938.173
Fiji,Monetary Base,International Financial Statistics (IFS),Published,National Currency,Millions,598.440882,519.61960096,531.18303854,660.15606799,921.91150503,634.44491958,955.04964058,1164.8319636,1392.64664233,1551.66877492
Fiji,Currency In Circulation,International Financial Statistics (IFS),Published,National Currency,Millions,269.55,303.53832055,339.77026935,354.19250132,381.5393975,390.34959666,430.97566884,479.45533143,496.29473999,558.37512038
Fiji,"Interest Rates, Government Securities, Treasury Bills",International Financial Statistics (IFS),Published,Percent per Annum,Units,1.0111220043573,1.52192565359477,1.936278959324,7.44987634599118,4.54904825307605,0.224468075733806,6.06791666666666,3.44875,2.19795833333333,0.565
Finland,Currency In Circulation,International Financial Statistics (IFS),Published,Euros,Millions,7215,8643,9738,10817,11578,12992,13817,14392,15184,15598
France,Currency In Circulation,International Financial Statistics (IFS),Published,Euros,Millions,84978,97834,110171,122377,131196,147302,153733,160097,168950,173530
France,"Interest Rates, Government Securities, Treasury Bills",International Financial Statistics (IFS),Published,Percent per Annum,Units,2.27554166666667,2.02490833333333,2.07104166666667,2.88915,3.86405,3.61893333333333,0.647225,0.376258333333334,0.693358333333333,0.0493333333333333
Gabon,Monetary Base,International Financial Statistics (IFS),Published,National Currency,Billions,215.437,264.918,382.44,461.741,515.029,701.195,674.527,743.907,950.185,993.247
Gabon,Currency In Circulation,International Financial Statistics (IFS),Published,National Currency,Billions,151.199,168.936,237.956,270.537,290.252,317.025,340.442,334.623,403.005,426.002
"Gambia, The",Monetary Base,International Financial Statistics (IFS),Published,National Currency,Millions,1855.88251578,2378.99805079,2306.58829469,2866.46760031,2744.54664735,2902.13586599,3171.43083288,3503.31941083,3933.01092099,4202.94907565
"Gambia, The",Currency In Circulation,International Financial Statistics (IFS),Published,National Currency,Millions,1250.85323849,1703.323396,1537.54821161,2087.16899576,1893.50183582,2050.1670118,2216.7213074,2436.39389431,2700.48825043,3183.80993669
"Gambia, The","Interest Rates, Government Securities, Treasury Bills",International Financial Statistics (IFS),Published,Percent per Annum,Units,26.5,30.75,22.5,14.1416666666667,13.46,13.3166666666667,14.3308333333333,13.16,11.8125,12.4591666666667
Georgia,Monetary Base,International Financial Statistics (IFS),Published,National Currency,Millions,589.940686,866.658713,1007.368047,1272.098537,1793.80201,1642.080787,1874.96135402,2081.1287516434,2901.0719750399,3255.3136593824
Georgia,Currency In Circulation,International Financial Statistics (IFS),Published,National Currency,Millions,473.242044,676.157485,811.399908,929.537877,1310.487594,1290.703285,1457.93794995,1618.17955992,1753.58447165,1918.05888779
Georgia,"Interest Rates, Government Securities, Treasury Bills",International Financial Statistics (IFS),Published,Percent per Annum,Units,44.2625,19.1591666666667,11.61666667,,,,5.98,9.55415542698719,9.68406666666667,6.76
Germany,Currency In Circulation,International Financial Statistics (IFS),Published,Euros,Billions,125.914,141.321,159.108,176.705,190.09,213.297,208.414,217.176,229.217,235.577
Germany,"Interest Rates, Government Securities, Treasury Bills",International Financial Statistics (IFS),Published,Percent per Annum,Units,1.975,2.00416666666667,2.02916666666667,3.08333333333333,3.806666,,,,,
Ghana,Monetary Base,International Financial Statistics (IFS),Published,National Currency,Millions,853.521264197998,1003.57449389755,1074.28493110463,1463.46518359133,1998.87134319,2553.7541820328,3552.20506051,4779.04152142,6256.11984151,8508.06154829
Ghana,Currency In Circulation,International Financial Statistics (IFS),Published,National Currency,Millions,667.97,767.39,852.05,1090.75,1470.59,1872.252,2343.80201109,3262.7187123,4244.26819816,5555.47203212
Ghana,"Interest Rates, Government Securities, Treasury Bills",International Financial Statistics (IFS),Published,Percent per Annum,Units,27.2458333333333,16.565125,14.8920416666667,9.94675,9.66375,16.9616666666667,23.7641666666667,,10.4141666666667,17.7908333333333
Greece,Currency In Circulation,International Financial Statistics (IFS),Published,Euros,Billions,10.645,12.759,14.363,15.95,16.944,18.998,21.632,22.517,23.728,24.331
Greece,"Interest Rates, Government Securities, Treasury Bills",International Financial Statistics (IFS),Published,Percent per Annum,Units,2.33666666666667,2.27333333333333,2.33333333333333,3.4375,4.45,4.8125,1.61666666666666,1.35042286922015,2.00574128313207,1.11088981672726
Grenada,Monetary Base,International Financial Statistics (IFS),Published,National Currency,Millions,234.189204,327.856658,252.739601,261.898737,303.253425,287.419994,272.991175,269.764088995019,310.75312294392,307.634227523352
Grenada,Currency In Circulation,International Financial Statistics (IFS),Published,National Currency,Millions,117.787777,133.913416,141.319192,140.591989,149.105062,149.400672,148.966567,142.264355995019,154.35941425392,156.444626533352
Grenada,"Interest Rates, Government Securities, Treasury Bills",International Financial Statistics (IFS),Published,Percent per Annum,Units,6.5,5.5,5.5,6.25,6.375,6.25,6.33333333333333,6.20833333333333,5.93666666666667,6
Guatemala,Monetary Base,International Financial Statistics (IFS),Published,National Currency,Millions,24544.1020552801,27027.48952446,27186.4765927402,31331.9995011001,31551.80025735,37736.00551511,42945.84509094,44921.64523451,48996.43199788,52024.65866292
Guatemala,Currency In Circulation,International Financial Statistics (IFS),Published,National Currency,Millions,11924.4139284,12626.4017239,14261.8657617,15771.98188022,20010.77752452,19665.9341572,21232.56023337,23390.2550137,24532.52612649,26552.11597443
Guyana,Monetary Base,International Financial Statistics (IFS),Published,National Currency,Millions,39237.131343,42678.084334,48084.584473,50310.382193,54084.244215,57901.692819,71848.19496,91668.4262,98076.039958,113010.933758
Guyana,Currency In Circulation,International Financial Statistics (IFS),Published,National Currency,Millions,19402.290893,21225.829436,23467.645831,28408.075425,32876.368569,37625.569429,41905.090005,50327.6724,61391.956393,67781.59234
Guyana,"Interest Rates, Government Securities, Treasury Bills",International Financial Statistics (IFS),Published,Percent per Annum,Units,3.03833333333333,3.62,3.79083333333333,3.95416666666667,3.93833333333333,3.98583333333333,4.305,3.87416666666667,2.48166666666667,1.73083333333333
Haiti,Monetary Base,International Financial Statistics (IFS),Published,National Currency,Millions,28737.04,31850.2900234871,35377.3612356771,39762.6693498024,44037.322227955,51831.0844828455,57759.4016918513,83300.3464015995,87542.3144428769,95671.9123877841
Haiti,Currency In Circulation,International Financial Statistics (IFS),Published,National Currency,Millions,11345.79,11839.02019091,14205.45653437,14271.6231546,15082.65551084,17927.4492681,18358.0769692,23749.12978827,24503.63964543,26766.42767234
Honduras,Monetary Base,International Financial Statistics (IFS),Published,National Currency,Millions,22509.43320846,29775.3589203472,38738.20311156,43529.5805375,43482.6292619,43972.3797161,47383.4819107,63648.21302694,69033.11207654,68730.50950479
Honduras,Currency In Circulation,International Financial Statistics (IFS),Published,National Currency,Millions,8056.13184927,9379.18894015,11113.44947241,13592.61359018,16362.51664251,16468.4276666,17705.68229431,19933.23807881,21357.77468051,22149.03689778
Hungary,Monetary Base,International Financial Statistics (IFS),Published,National Currency,Billions,1823.254,2033.749,2204.37,2439.17,2791.975,2604.568,2492.388,2776.537,3089.464,3102.792
Hungary,Currency In Circulation,International Financial Statistics (IFS),Published,National Currency,Billions,1466.831,1452.564,1714.13,1967.853,2202.203,2308.656,2187.908,2378.052,2709.606,2737.672
Hungary,"Interest Rates, Government Securities, Treasury Bills",International Financial Statistics (IFS),Published,Percent per Annum,Units,8.21584483252515,11.3249234206942,6.95295725272994,6.86812365656215,7.67430163301367,8.90398128025952,8.4844623655914,5.37046280128205,6.01772391666667,6.89738241666667
Iceland,Monetary Base,International Financial Statistics (IFS),Published,National Currency,Millions,17230.365,47832.085,45302.874,57871.291,169272.194,119469.553402,159303.296723,130845.08728,88388.79401,113243.62928
Iceland,Currency In Circulation,International Financial Statistics (IFS),Published,National Currency,Millions,10583.493,11632.308,13201.909,14512.501,15735.426,24436.438,28957.678,38269.478,43204.646,45142.048
Iceland,"Interest Rates, Government Securities, Treasury Bills",International Financial Statistics (IFS),Published,Percent per Annum,Units,4.93083333333333,6.03583333333333,8.79581122774841,13.4129833333333,15.1297029523333,17.882133333,11.3837226416417,6.65,4.27916666666667,5.55833333333333
Indonesia,Monetary Base,International Financial Statistics (IFS),Published,National Currency,Billions,202870.056,206180.428250323,269970.875727673,346492.472111182,438459.84131,425846.665321729,498978.712072189,525145.396,657337.184578787,755250.658379419
Indonesia,Currency In Circulation,International Financial Statistics (IFS),Published,National Currency,Billions,112742.3802,126895.202585593,144869.380277387,178572.155949245,220785.31129,264390.611580163,279028.772820114,318575.31,372972.201080506,439720.410186126
Iraq,Monetary Base,International Financial Statistics (IFS),Published,National Currency,Billions,,11799.547,13794.742,17521.451,28808.428,42858.592,45270.897,54524.342,60059.342,65055.205
Iraq,Currency In Circulation,International Financial Statistics (IFS),Published,National Currency,Billions,,7591.997,10256.511,11916.555,15632.225,21304.418,24169.401,27507.328,32157.444,35784.805
Iraq,"Interest Rates, Government Securities, Treasury Bills",International Financial Statistics (IFS),Published,Percent per Annum,Units,,5.325,7.07083333333333,9.48583333333333,21,17.6708333333333,7.42916666666667,8.94,9.49333333333333,6.14583333333333
Ireland,Currency In Circulation,International Financial Statistics (IFS),Published,Euros,Millions,4650,6437,7247,8021,8611,9645,12480,12966,13673,13999
Israel,"Interest Rates, Government Securities, Treasury Bills",International Financial Statistics (IFS),Published,Percent per Annum,Units,6.997475,4.78325,4.34020833333333,5.543395,4.333375,3.90315583333333,1.38998109527772,2.18523798562054,3.04967657110691,2.22794240102601
Italy,Currency In Circulation,International Financial Statistics (IFS),Published,Euros,Billions,76.091,86.79,97.889,108.698,115.623,129.794,136.605,142.321,150.155,154.156
Italy,"Interest Rates, Government Securities, Treasury Bills",International Financial Statistics (IFS),Published,Percent per Annum,Units,2.18798333333333,2.0795,2.1724,3.18271666666667,4.03571666666667,3.7577,0.954999999999999,1.13333333333333,2.78583333333333,1.895
Jamaica,Monetary Base,International Financial Statistics (IFS),Published,National Currency,Millions,58298.698,65849.456,69965.521,80764.985,84551.363,110017.968,132095.876,128502.88,140517.943,128498.914
Jamaica,Currency In Circulation,International Financial Statistics (IFS),Published,National Currency,Millions,29426.462,32398.103,35644.528,42317.322,47220.65,49025.65,51856.183,56710.719,62646.682,64684.14
Jamaica,"Interest Rates, Government Securities, Treasury Bills",International Financial Statistics (IFS),Published,Percent per Annum,Units,25.9383333333333,15.4675,13.385,12.7858333333333,12.555,15.89,19.95,9.26166666666666,6.5895375,6.6171675
Japan,Monetary Base,International Financial Statistics (IFS),Published,National Currency,Trillions,111.363,115.6268,116.6406,94.7777,95.9786,101.261,105.8477,109.507,125.0788,138.4747
Japan,Currency In Circulation,International Financial Statistics (IFS),Published,National Currency,Trillions,81.3323,82.4484,83.7728,84.3652,85.8552,86.0687,85.5107,86.8557,88.5465,91.2309
Japan,"Interest Rates, Government Securities, Treasury Bills",International Financial Statistics (IFS),Published,Percent per Annum,Units,0.003,0.003,0.003,0.419,0.553,0.357,0.121,0.13,0.1,0.094
Kazakhstan,Monetary Base,International Financial Statistics (IFS),Published,National Currency,Millions,316961.865,577871.26262772,649835.4823974,1501328.30281132,1464135.775447,1525237.60546244,2450835.97505419,2572217.36217203,2837356.3131942,2889914.18718509
Kazakhstan,Currency In Circulation,International Financial Statistics (IFS),Published,National Currency,Millions,262093.1089,410897.67801077,458517.86948277,687256.66028916,859852.40380624,986855.61536675,1047794.5776349,1306208.10294584,1548165.96974579,1736645.70891349
Kazakhstan,"Interest Rates, Government Securities, Treasury Bills",International Financial Statistics (IFS),Published,Percent per Annum,Units,5.86,3.28,3.28,3.28,7.01,7,7,7,7,7
Kenya,Monetary Base,International Financial Statistics (IFS),Published,National Currency,Millions,87513.20105225,101054.1494914,107235.51614206,124676.19720008,156929.04174968,163588.92055666,181956.79256658,222634.3714575,255005.66639495,298874.2190044
Kenya,Currency In Circulation,International Financial Statistics (IFS),Published,National Currency,Millions,63175.37133075,70962.1758714,76820.05282465,89326.48980025,115924.31190675,115730.51443645,124283.9671136,147208.9601417,172234.2009938,187737.1611572
Kenya,"Interest Rates, Government Securities, Treasury Bills",International Financial Statistics (IFS),Published,Percent per Annum,Units,3.7317,2.95956111111111,8.43659583333333,6.81319583333333,6.7989,7.70294166666667,7.37538333333333,3.601125,8.72365416666666,12.5806520652174
"Korea, Republic of",Monetary Base,International Financial Statistics (IFS),Published,National Currency,Billions,40748.97,38791.76,43248.968,51869.521,56398.976,64846.321,67779.116,74545.691,80055.93,88341.9694
"Korea, Republic of",Currency In Circulation,International Financial Statistics (IFS),Published,National Currency,Billions,24397.2,24788.579,26037.401,27741.774,29218.86,30652.256,37239.045,43196.98,48543.186,54215.9134
"Kosovo, Republic of",Monetary Base,International Financial Statistics (IFS),Published,Euros,Millions,92.28368826,110.56698048,149.1318845,144.32826983,170.79201907,201.10293556,364.0903061,247.55352659,246.75777936,351.92603316
"Kosovo, Republic of",Currency In Circulation,International Financial Statistics (IFS),Published,Euros,Millions,0,0,0,0,0,0,0,0,0,0
"Kosovo, Republic of","Interest Rates, Government Securities, Treasury Bills",International Financial Statistics (IFS),Published,Percent per Annum,Units,,,,,,,,,,2.18505058823529
Kuwait,Monetary Base,International Financial Statistics (IFS),Published,National Currency,Millions,1039.4443,912.1888,1240.3654,1763.4776,2063.3229,1330.3462,2979.5033,3804.0622,4890.9079,5787.563
Kuwait,Currency In Circulation,International Financial Statistics (IFS),Published,National Currency,Millions,585.4701,606.277,684.6215,804.8921,756.7012,869.1395,943.8145,1006.6576,1205.1048,1339.9374
Kuwait,"Interest Rates, Government Securities, Treasury Bills",International Financial Statistics (IFS),Published,Percent per Annum,Units,2.33102083333333,1.746375,1.9885,,,,0.9175,0.6375,0.8325,
Kyrgyz Republic,"Interest Rates, Government Securities, Treasury Bills",International Financial Statistics (IFS),Published,Percent per Annum,Units,7.20833333333333,4.94411681423668,4.40059520183258,4.7523974547691,4.9005277031647,13.1630488580121,10.5657552755865,4.58777098734709,8.32276046297767,6.11922283839677
Lao People's Democratic Republic,"Interest Rates, Government Securities, Treasury Bills",International Financial Statistics (IFS),Published,Percent per Annum,Units,24.8735,20.3675,18.6141505526838,18.3366805065913,18.36015,12.2558333333333,9.52145833333334,7.9725,,
Latvia,Currency In Circulation,International Financial Statistics (IFS),Published,National Currency,Millions,682,727,877,1074,1049,1018,788,938,1160,1234
Latvia,"Interest Rates, Government Securities, Treasury Bills",International Financial Statistics (IFS),Published,Percent per Annum,Units,3.24,3.42625,2.555,4.125,4.225,6.99158333333333,10.4233333333333,2.425555556,1.117142857,0.5425
Lebanon,"Interest Rates, Government Securities, Treasury Bills",International Financial Statistics (IFS),Published,Percent per Annum,Units,6.45666666666667,5.24833333333333,5.22,5.22,5.22,5.20666666666667,4.90833333333333,4.09958333333333,3.92666666666667,4.3525
Lesotho,Monetary Base,International Financial Statistics (IFS),Published,National Currency,Millions,518.482,559.071,734.143,680.686,687.176,718.448,1015.994,1048.679,1049.48922881,1203.53576162
Lesotho,Currency In Circulation,International Financial Statistics (IFS),Published,National Currency,Millions,234.992,256.934,297.972,377.711,402.221,481.245,584.244,637.786,843.5915716,998.55011339
Lesotho,"Interest Rates, Government Securities, Treasury Bills",International Financial Statistics (IFS),Published,Percent per Annum,Units,11.9604333333333,8.51666666666667,7.22666666666667,6.87,7.80916666666667,9.745425,7.75378333333333,6.2375,5.345,5.46083333333333
Lithuania,Monetary Base,International Financial Statistics (IFS),Published,National Currency,Millions,6540.2,7002,8933,10653,12875,12723,10456,11942,17071,16128
Lithuania,Currency In Circulation,International Financial Statistics (IFS),Published,National Currency,Millions,5132.1,5590,6709,8050,9161,9620,7922,8811,10813,11402
Lithuania,"Interest Rates, Government Securities, Treasury Bills",International Financial Statistics (IFS),Published,Percent per Annum,Units,2.60554166666667,2.24916666666667,2.36,2.9475,4.233333333,5.35125,8.5385,2.796666667,2.40416666666667,0.63
Luxembourg,Currency In Circulation,International Financial Statistics (IFS),Published,Euros,Millions,821.19962951,1116.79385,1265.852135,1411.9,1575.5,1763.472673,2052.694918,2142.707325,2260.414115,2330.964229
"Macedonia, FYR",Monetary Base,International Financial Statistics (IFS),Published,National Currency,Millions,22344.662055,22683.071188,28374.148422,34017.6713975,41467.535918,48035.0441115,51891.8561065,53916.8310035,58879.13,61310.06
"Macedonia, FYR",Currency In Circulation,International Financial Statistics (IFS),Published,National Currency,Millions,15010,15071,15813,17732,19894,20799,19482.0000345,20173,22767.4,23979.3
Madagascar,"Interest Rates, Government Securities, Treasury Bills",International Financial Statistics (IFS),Published,Percent per Annum,Units,11.935,12.9493184379793,18.841509020014,21.1607787422823,11.8395073604344,8.81442691652555,7.61839801298095,9.32588055459772,9.57854508855201,6.91689139582165
Malawi,"Interest Rates, Government Securities, Treasury Bills",International Financial Statistics (IFS),Published,Percent per Annum,Units,39.2683333333333,28.575,24.3991666666667,19.2733333333333,13.9466666666667,11.2896564566299,10.1491666666667,7.16190600385453,6.56294166666667,14.3260833333333
Malaysia,Monetary Base,International Financial Statistics (IFS),Published,National Currency,Millions,45533.75987491,50085.31954091,52622.6560801,58215.58575807,63898.65049777,68512.5669996,54813.94787448,61261.31971774,96339.22754351,105832.13566
Malaysia,Currency In Circulation,International Financial Statistics (IFS),Published,National Currency,Millions,29445.21028822,32353.77237597,34396.5788302,37894.9368157,42191.66381213,48042.55967613,51137.7115533,55787.42857651,61874.03945374,67124.27934077
Malaysia,"Interest Rates, Government Securities, Treasury Bills",International Financial Statistics (IFS),Published,Percent per Annum,Units,2.78833333333333,2.39579166666667,2.48425,3.22725,3.43366666666667,3.39,2.05325,2.58391666666667,2.92416666666667,3.03595833333333
Maldives,Monetary Base,International Financial Statistics (IFS),Published,National Currency,Millions,2344.78280974,2947.98401861,2978.14525537,3423.55434394,4374.14609202,5382.37727698,6143.91939107,6064.30428141,7551.31222393,8181.85737712
Maldives,Currency In Circulation,International Financial Statistics (IFS),Published,National Currency,Millions,677.16643539,828.03154846,947.19069864,1160.71423723,1322.28010808,1762.19203106,1799.72153615,1871.13578016,2196.67402701,2475.54000332
Maldives,"Interest Rates, Government Securities, Treasury Bills",International Financial Statistics (IFS),Published,Percent per Annum,Units,,,,,5.5,6,5.9975,4.90166666666667,5.44416666666667,7.26
Malta,Currency In Circulation,International Financial Statistics (IFS),Published,Euros,Millions,,,,,,741,711,742,783,808
Malta,"Interest Rates, Government Securities, Treasury Bills",International Financial Statistics (IFS),Published,Percent per Annum,Units,3.29108333333333,2.9385,3.17716666666667,3.492125,4.25151666666667,4.43666666666667,1.775,0.823333333333333,1.23416666666667,0.994166666666667
Mauritania,"Interest Rates, Government Securities, Treasury Bills",International Financial Statistics (IFS),Published,Percent per Annum,Units,7.648,7.22,11.84,11.5,10.43,11.0903492175758,8.66,8.55,2.68,3.33
Mauritius,Monetary Base,International Financial Statistics (IFS),Published,National Currency,Millions,18962.0570005444,22434.7110024947,23513.9527911948,25321.8687309868,28079.0628952088,30640.2864021687,35931.50384511,44935.5272597802,48280.8713276374,52622.93001416
Mauritius,Currency In Circulation,International Financial Statistics (IFS),Published,National Currency,Millions,12982.01616115,14222.28163265,15144.04357864,16350.622985,17698.01774691,19943.48438802,21068.8261884,22591.76147184,24469.75584318,26961.31400182
Mauritius,"Interest Rates, Government Securities, Treasury Bills",International Financial Statistics (IFS),Published,Percent per Annum,Units,9.0075,5.61416666666667,6.44166666666667,8.46833333333333,10.9541666666667,8.30666666666667,5.245,3.83,3.96083333333333,3.6275
Mexico,Monetary Base,International Financial Statistics (IFS),Published,National Currency,Millions,303614.08908593,340177.672,380033.69076198,449821.28892498,494743.48717716,577543.078498579,632032.40644603,693423.219496419,763491.87917545,846019.4266101
Mexico,Currency In Circulation,International Financial Statistics (IFS),Published,National Currency,Millions,303614.08908593,340177.672,380033.69076198,449821.28892498,494743.45727716,577542.277231599,631937.88029899,693423.114043649,763490.94033937,845395.60806752
Mexico,"Interest Rates, Government Securities, Treasury Bills",International Financial Statistics (IFS),Published,Percent per Annum,Units,6.225,6.815,9.2025,7.19333333333333,7.1875,7.6825,5.42833333333333,4.4025,4.24,4.2375
Moldova,Monetary Base,International Financial Statistics (IFS),Published,National Currency,Millions,3804.175707,5319.059473,7517.28455,7389.447373,11771.752229,14781.640718,12934.33935979,14085.92508383,17153.96818971,20531.14105557
Moldova,Currency In Circulation,International Financial Statistics (IFS),Published,National Currency,Millions,2982.193418,4094.326251,5148.886869,5817.191027,7603.346529,8732.080253,9882.54227275,11105.96067083,12016.67025612,14554.21375726
Moldova,"Interest Rates, Government Securities, Treasury Bills",International Financial Statistics (IFS),Published,Percent per Annum,Units,15.7675,12.2858333333333,3.7475,7.43416666666667,13.5233333333333,18.8925,11.8183333333333,7.13166666666667,11.71,6.26083333333333
Mongolia,Monetary Base,International Financial Statistics (IFS),Published,National Currency,Millions,200788.529,234858.117,281188.182,381792.012,535047.7025,633681.97944444,913415.9374,1160376.646,1661596.72860792,2168391.933
Mongolia,Currency In Circulation,International Financial Statistics (IFS),Published,National Currency,Millions,152819.693,168473.829,191640.176,245058.525,364021.247,407155.508,371777.5104,519647.017,713304.651,828392.94
Mongolia,"Interest Rates, Government Securities, Treasury Bills",International Financial Statistics (IFS),Published,Percent per Annum,Units,,10.3925,13.73,6.725,6.82,,,,,
Montenegro,"Interest Rates, Government Securities, Treasury Bills",International Financial Statistics (IFS),Published,Percent per Annum,Units,,10.3917,6.02666666666667,1.15083333333333,0.5584,,4.17583333333333,3.20666666666667,2.57,4.74013333333333
Montserrat,Monetary Base,International Financial Statistics (IFS),Published,National Currency,Millions,38.889845,35.664154,35.009174,36.628455,35.779127,26.868549,33.230972,39.6727560478245,61.1913441316942,78.1323299772589
Montserrat,Currency In Circulation,International Financial Statistics (IFS),Published,National Currency,Millions,15.291512,15.316401,16.067627,16.668039,17.428799,14.223193,17.797435,18.7978840478245,26.3260125716942,29.4281331572589
Morocco,Monetary Base,International Financial Statistics (IFS),Published,National Currency,Millions,110255.43354331,123873.10559471,140818.13182411,160195.25135091,182333.97042941,191260.44033341,183914.53404573,183119.91031799,193881.22993134,195239.69978488
Morocco,Currency In Circulation,International Financial Statistics (IFS),Published,National Currency,Millions,78505.10850276,83289.01473622,93505.12741547,114233.55585451,125533.67837839,134771.58053724,143139.22447594,152059.44533361,166252.9902598,172493.35224003
Mozambique,Monetary Base,International Financial Statistics (IFS),Published,National Currency,Millions,8681.531397,10433.446912,12184.764466,14735.945716,17821.934405,19220.421843,24463.943137,31618.253182,34311.097397,41085.978164
Mozambique,Currency In Circulation,International Financial Statistics (IFS),Published,National Currency,Millions,5010.304552,6202.654456,7335.779834,8789.334116,10942.178626,11995.94279,16117.363102,20446.601828,21898.66359,26242.165996
Mozambique,"Interest Rates, Government Securities, Treasury Bills",International Financial Statistics (IFS),Published,Percent per Annum,Units,15.3146,12.3661,9.09583333333333,15.0508333333333,15.1616666666667,13.76,10.5907892751627,11.9924587628866,15.2414499205087,5.26954747116238
Myanmar,Monetary Base,International Financial Statistics (IFS),Published,National Currency,Billions,1289.015,1666.057,2074.45,2655.172,3393.756,3708.084,4665.746,5700.622,6671.838,8366.59392
Myanmar,Currency In Circulation,International Financial Statistics (IFS),Published,National Currency,Billions,1164.212,1457.421,1834.042,2278.134,2852.869,3137.666,3812.737,4712.306,5600.838,6652.06067
Namibia,Monetary Base,International Financial Statistics (IFS),Published,National Currency,Millions,1087.22477167,1238.63710882,1372.58055832,1532.42850777,1647.68703929,2350.96726859,2555.67307292,3242.2673926,5507.81235842,4983.19850786
Namibia,Currency In Circulation,International Financial Statistics (IFS),Published,National Currency,Millions,918.8958584,945.7581627,1026.84633065,1151.4446475,1323.7485223,1656.56416835,1704.92888281,1908.60917307,2397.48142454,2772.53888219
Namibia,"Interest Rates, Government Securities, Treasury Bills",International Financial Statistics (IFS),Published,Percent per Annum,Units,10.5116666666667,7.775,7.09083333333333,7.25583333333333,8.59083333333333,9.63833333333333,8.18916666666667,6.46,5.62224083333333,5.54478333333333
Nepal,Monetary Base,International Financial Statistics (IFS),Published,National Currency,Millions,76063.3832815,87813.583567,95835.142795,109555.820388,121843.89176485,158712.49078683,191596.15014464,203972.09288847,271220.93781623,289818.89764368
Nepal,Currency In Circulation,International Financial Statistics (IFS),Published,National Currency,Millions,61597.2832815,69637.701267,76289.602495,84511.659327,95498.9556,121431.0982,150615.928438,158849.567462,177136.242206,207651.088325
Nepal,"Interest Rates, Government Securities, Treasury Bills",International Financial Statistics (IFS),Published,Percent per Annum,Units,3.85,2.4,2.2,1.98,3.59,4.72,6.35,6.82,0.8,0.74
Netherlands,Currency In Circulation,International Financial Statistics (IFS),Published,Euros,Billions,21.901,26.448,29.7,32.925,35.464,39.815,42.913,44.595,46.987,48.298
Netherlands Antilles,"Interest Rates, Government Securities, Treasury Bills",International Financial Statistics (IFS),Published,Percent per Annum,Units,2.79916666666667,3.86333333333333,3.51583333333333,5.39333333333333,6.03916666666667,4.39916666666667,1.35,,,
New Zealand,"Interest Rates, Government Securities, Treasury Bills",International Financial Statistics (IFS),Published,Percent per Annum,Units,5.21308333333333,5.84855555555555,6.52416666666667,7.0465,7.54810833333333,7.00688888888889,2.82709583333333,2.77529525518341,2.55180416666667,2.46035256410256
Nicaragua,Monetary Base,International Financial Statistics (IFS),Published,National Currency,Millions,15968.419313,15721.490643,16305.211224,18100.18963,18728.186483,20835.948474,27460.889699,34313.679559,36492.727462,35948.107897
Nicaragua,Currency In Circulation,International Financial Statistics (IFS),Published,National Currency,Millions,2761.823222,3416.569118,4240.523057,5024.119254,6610.813967,6853.873385,7619.267022,9931.407882,11418.489539,13232.772959
Nigeria,Monetary Base,International Financial Statistics (IFS),Published,National Currency,Millions,689112.127272727,732726.427828397,765971.8,992959.1,1195865.58005176,1542997.83274775,1398225.77869345,1704321.02403974,2606794.15391218,3273942.47143603
Nigeria,Currency In Circulation,International Financial Statistics (IFS),Published,National Currency,Millions,502254.5,545803,642376,779254.2,955854.49282573,1155566.79855522,1185038.50853988,1378222.08958949,1566046.43985691,1631717.15700427
Nigeria,"Interest Rates, Government Securities, Treasury Bills",International Financial Statistics (IFS),Published,Percent per Annum,Units,14.7908333333333,14.3391666666667,7.62833333333333,9.99166666666667,6.85,8.19916666666667,3.785,3.84833333333333,9.70083333333333,13.635
Oman,Monetary Base,International Financial Statistics (IFS),Published,National Currency,Millions,442.482,503.147,525.734,726.754,1235.113739,2061.32,1405.866569,2237.517628,1826.769661,2493.624699
Oman,Currency In Circulation,International Financial Statistics (IFS),Published,National Currency,Millions,351.307,382.186,459.453,560.616,663.063257,780.62,773.287803,913.361459,1037.339499,1178.810701
Pakistan,Monetary Base,International Financial Statistics (IFS),Published,National Currency,Millions,743878,892793,980694,1186963,1362666,1447894.627,1650643.127,1924904.101,2068947.543,2415684.447
Pakistan,Currency In Circulation,International Financial Statistics (IFS),Published,National Currency,Millions,595159,690946,769617,917809,1070960,1205289.441,1368143.716,1595121.558,1694829.221,1958437.054
Pakistan,"Interest Rates, Government Securities, Treasury Bills",International Financial Statistics (IFS),Published,Percent per Annum,Units,1.86504166666667,2.48925,7.1811,8.54,8.98916666666667,11.3666666666667,12.5191666666667,12.54715,13.1155666666667,10.9951583333333
Panama,Monetary Base,International Financial Statistics (IFS),Published,National Currency,Millions,772.42045775,791.74693517,811.09375184,840.06657275,1007.40194539,1024.52918101,1261.00317536,1179.06714955,1223.43114278,1250.73411568
Panama,Currency In Circulation,International Financial Statistics (IFS),Published,National Currency,Millions,140.82074407,154.32270448,161.16832529,176.70652261,196.6965264,218.93892583,239.94196227,268.47529091,333.20128726,397.42639385
Papua New Guinea,Monetary Base,International Financial Statistics (IFS),Published,National Currency,Millions,668.71037637,870.76194565,935.38559225,1138.19794106,1841.61307598,1620.08618292,1813.54702147,2015.6526,3258.71846658,3833.67590215
Papua New Guinea,Currency In Circulation,International Financial Statistics (IFS),Published,National Currency,Millions,511.60599329,531.03617055,605.87326113,692.86954979,822.50679108,850.40993917,1002.34109407,1192.7114,1532.44661117,1679.32919319
Papua New Guinea,"Interest Rates, Government Securities, Treasury Bills",International Financial Statistics (IFS),Published,Percent per Annum,Units,18.6858333333333,8.85333333333333,3.80833333333333,4.01,4.66666667,6.1925,7.07708333333333,4.63708333333333,4.14,2.7375
Paraguay,Monetary Base,International Financial Statistics (IFS),Published,National Currency,Billions,5019.64038166,5774.6349997008,5995.777016785,6471.6288912567,8638.279692403,9886.098264832,12887.607848881,13342.4242851979,15884.9648738828,17472.0487744032
Paraguay,Currency In Circulation,International Financial Statistics (IFS),Published,National Currency,Billions,2206.813662,2487.567148469,2924.898389523,3371.322865382,4326.096226746,4973.923360434,5537.798701064,6563.533782146,7324.26816645,8606.190445173
Philippines,Monetary Base,International Financial Statistics (IFS),Published,National Currency,Billions,389.76842967748,427.80153413952,467.58581709839,719.03325565098,848.78489648941,961.46572658635,1047.92791281966,1120.54599325812,1323.0004178752,1475.63289396113
Philippines,Currency In Circulation,International Financial Statistics (IFS),Published,National Currency,Billions,294.78160145982,322.46556481586,336.5575058268,384.49161564421,433.85441173709,545.09493019743,582.53288842971,601.27482807224,648.91093272113,692.65707737942
Philippines,"Interest Rates, Government Securities, Treasury Bills",International Financial Statistics (IFS),Published,Percent per Annum,Units,5.87204166666667,7.32016666666667,6.13233333333333,5.29366666666667,3.37695833333333,5.165,4.163,3.5145,1.3395,1.49966666666667
Poland,Monetary Base,International Financial Statistics (IFS),Published,National Currency,Millions,,70312,71946,89113,106755,133597,139303,141983,139415,171068
Poland,Currency In Circulation,International Financial Statistics (IFS),Published,National Currency,Millions,,55925,62597,75073,85671,101774,99954,102663,111845,113415
Poland,"Interest Rates, Government Securities, Treasury Bills",International Financial Statistics (IFS),Published,Percent per Annum,Units,5.375,6.60166666666667,4.90416666666667,4.19,4.69533333333333,6.27,4.55675,4,4.46,
Portugal,Currency In Circulation,International Financial Statistics (IFS),Published,Euros,Billions,9.868,11.801,13.268,14.721,15.828,17.749,19.13,19.914,21.002,21.557
Qatar,Monetary Base,International Financial Statistics (IFS),Published,National Currency,Millions,4589.3,6018.2,8251.1,10147.4,30634.2,23618.5,45903.3,91808.6,31185.7,45555.1
Qatar,Currency In Circulation,International Financial Statistics (IFS),Published,National Currency,Millions,2599.9,3122.9,3531,5069.8,5624.5,6912.8,7191.4,7974.3,9092.3,10975.7
Romania,Monetary Base,International Financial Statistics (IFS),Published,National Currency,Billions,9.8415065,13.704845,22.211953,34.580253,48.872484255,50.467908764,51.661837676,55.103444409,61.565582218,57.307888941
Romania,Currency In Circulation,International Financial Statistics (IFS),Published,National Currency,Billions,6.517548,8.246316,12.732209,17.356619,25.444669282,29.047790566,27.501250575,29.936998379,34.226163237,36.011896012
Romania,"Interest Rates, Government Securities, Treasury Bills",International Financial Statistics (IFS),Published,Percent per Annum,Units,15.066666666,,,,7.10916666666667,10.4208333333333,10.8966666666667,7.21083333333333,7.3175,6.26875
Russian Federation,Monetary Base,International Financial Statistics (IFS),Published,National Currency,Billions,1914.3,2380.3,2914.3,4122.4,5513.4,5578.7,6467.3,8190.4,8644.1,9852.8
Russian Federation,Currency In Circulation,International Financial Statistics (IFS),Published,National Currency,Billions,1224.7,1669.9,2195.4,3062.1,4118.6,4372.1,4622.9,5785.2,6895.8,7667.7
Russian Federation,"Interest Rates, Government Securities, Treasury Bills",International Financial Statistics (IFS),Published,Percent per Annum,Units,5.35,,,,,,,,,
Rwanda,"Interest Rates, Government Securities, Treasury Bills",International Financial Statistics (IFS),Published,Percent per Annum,Units,11.1816666666667,12.5183333333333,8.35083333333333,9.8579094356512,7.23916666666667,,,7.4425,,
Samoa,Monetary Base,International Financial Statistics (IFS),Published,National Currency,Millions,81.76,94.71,97.96,95.802,120.835,132.789,208.94,236.323,162.013,168.066
Samoa,Currency In Circulation,International Financial Statistics (IFS),Published,National Currency,Millions,46.63,49.48,62.95,67.905,70.884,67.853,70.012,77.073,86.133,93.014
Sao Tome and Principe,Monetary Base,International Financial Statistics (IFS),Published,National Currency,Millions,160002.7,119249.71,210634.625,303031.78879995,417118.5781456,495795.19961344,606230.89103085,558054.09152149,554049.32618012,712469.23369083
Sao Tome and Principe,Currency In Circulation,International Financial Statistics (IFS),Published,National Currency,Millions,63101.1,67154.8,81102.56,102703.521966,126238.74164,140505.4441485,167436.9303845,190713.852706,203577.447729,217070.522251
Saudi Arabia,"Interest Rates, Government Securities, Treasury Bills",International Financial Statistics (IFS),Published,Percent per Annum,Units,,,,,,,,0.382916666666667,0.332191666666667,0.385716666666667
"Serbia, Republic of",Monetary Base,International Financial Statistics (IFS),Published,National Currency,Millions,116093,148866.4,249117.9,400068,440708.5,517646.3,539172,542227.2,614980,632159
"Serbia, Republic of",Currency In Circulation,International Financial Statistics (IFS),Published,National Currency,Millions,47076.6,49445.7,60703.2,78666.7,92613.5,108817.9,112924.9,109626.7,132400.9,136106.5
"Serbia, Republic of","Interest Rates, Government Securities, Treasury Bills",International Financial Statistics (IFS),Published,Percent per Annum,Units,20.02,21.170960798889,14.5806941656355,10.24,4.42,9.61,10.34,14.16,11.51,12.32
Seychelles,Monetary Base,International Financial Statistics (IFS),Published,National Currency,Millions,577.81595639,1055.1454236,1091.37484195,1448.12342306,1113.05332058,1119.91264796,1295.89519569,1746.17221886,1698.68241775,1816.42568506
Seychelles,Currency In Circulation,International Financial Statistics (IFS),Published,National Currency,Millions,326.00382314,314.50133463,344.84283049,417.15915131,450.60957115,477.57331804,555.0105804,653.86435562,707.77070601,739.70986054
Seychelles,"Interest Rates, Government Securities, Treasury Bills",International Financial Statistics (IFS),Published,Percent per Annum,Units,4.605,3.16666666666667,3.34333333333333,3.700625,3.9175,7.07154017857143,12.969725,3.04130014341389,4.23200100157119,10.7383144735736
Sierra Leone,Monetary Base,International Financial Statistics (IFS),Published,National Currency,Millions,210679.37279884,234712.22460221,290616.818642,321643.04178103,383670.51949468,443281.70217002,537219.34181882,724111.20902956,815402.53773453,995475.00912317
Sierra Leone,Currency In Circulation,International Financial Statistics (IFS),Published,National Currency,Millions,199588.05308591,221424.55019108,255078.31906673,294682.0623232,333324.12316241,383298.7238463,486437.84312389,631511.56993485,707501.43774595,902941.10345523
Sierra Leone,"Interest Rates, Government Securities, Treasury Bills",International Financial Statistics (IFS),Published,Percent per Annum,Units,15.6725,26.1408333333333,22.9775,17.7108333333333,18.4077083333333,15.4808333333333,10.4715833333333,17.2116666666667,24.445,22.396875
Singapore,"Interest Rates, Government Securities, Treasury Bills",International Financial Statistics (IFS),Published,Percent per Annum,Units,0.646666666666667,0.963333333333333,2.0625,2.95833333333333,2.35416666666667,0.91,0.335833333333333,0.335,0.2875,0.274166666666667
Slovak Republic,Currency In Circulation,International Financial Statistics (IFS),Published,National Currency,Millions,102546.365,109900,130111,143518,155154,77013,,,,
Slovak Republic,Currency In Circulation,International Financial Statistics (IFS),Published,Euros,Millions,,,,,,,7597,7896,8326,8444
Slovenia,Currency In Circulation,International Financial Statistics (IFS),Published,Euros,Millions,,,,,2947,3255,3536,3686,3893,3997
Slovenia,"Interest Rates, Government Securities, Treasury Bills",International Financial Statistics (IFS),Published,Percent per Annum,Units,6.53333333333333,4.165,3.66083333333333,3.2975,3.89583333333333,3.875,1.14,0.5475,1.0875,1.10416666666667
Solomon Islands,Monetary Base,International Financial Statistics (IFS),Published,National Currency,Millions,218.917,376.696,452.456,481.21976484,451.7011343,440.63759459,717.18623711,1263.29032786,1659.48763288,2054.41869653
Solomon Islands,Currency In Circulation,International Financial Statistics (IFS),Published,National Currency,Millions,107.999,130.934,156.657,187.19984613,244.54514703,272.54402906,326.06308562,436.41449707,526.44596589,599.21249143
Solomon Islands,"Interest Rates, Government Securities, Treasury Bills",International Financial Statistics (IFS),Published,Percent per Annum,Units,5.84694444444445,6,4.53283333333333,3.40916666666667,3.16929166666667,3.20083333333333,3.99916666666667,3.70816666666667,2.52513888888889,1.42258333333333
South Africa,Monetary Base,International Financial Statistics (IFS),Published,National Currency,Millions,61994.623,71179.427,79553.567,95948.106,110028.7979381,119559.8379205,124291.8498767,135853.4554253,156550.8898382,174103.0759886
South Africa,Currency In Circulation,International Financial Statistics (IFS),Published,National Currency,Millions,44670.764,48830.48,54236.646,63575.19,68195.6501522,72696.6920736,77679.058806,82500.8336366,101394.0219541,112169.0156812
South Africa,"Interest Rates, Government Securities, Treasury Bills",International Financial Statistics (IFS),Published,Percent per Annum,Units,10.665,7.5325,6.90583333333333,7.33916666666667,9.115,10.8075,7.85083333333333,6.42,5.4875,5.28583333333333
South Sudan,Monetary Base,International Financial Statistics (IFS),Published,National Currency,Millions,,,,,,,,,4749.65982053,5115.89313449
South Sudan,Currency In Circulation,International Financial Statistics (IFS),Published,National Currency,Millions,,,,,,,,,2115.39475704,2184.93317359
South Sudan,"Interest Rates, Government Securities, Treasury Bills",International Financial Statistics (IFS),Published,Percent per Annum,Units,,,,,,,,,,3
Spain,Currency In Circulation,International Financial Statistics (IFS),Published,Euros,Billions,46.376,52.701,59.356,65.929,70.92,79.438,91.741,95.502,100.71,103.323
Spain,"Interest Rates, Government Securities, Treasury Bills",International Financial Statistics (IFS),Published,Percent per Annum,Units,2.21416666666667,2.16583333333333,2.19333333333333,3.25833333333333,4.07,3.7125,0.995833333333334,1.69333333333333,3.035,2.66333333333333
Sri Lanka,"Interest Rates, Government Securities, Treasury Bills",International Financial Statistics (IFS),Published,Percent per Annum,Units,8.09166666666667,7.71416666666667,9.02666666666667,10.9841666666667,16.6033333333333,18.9141666666667,12.9341666666667,8.56583333333334,7.62916666666667,12.095
St. Kitts and Nevis,Monetary Base,International Financial Statistics (IFS),Published,National Currency,Millions,173.930856,211.938109,193.467612,240.683573,259.40726,274.395916,344.778417,420.509820532127,577.238363619871,553.47112037895
St. Kitts and Nevis,Currency In Circulation,International Financial Statistics (IFS),Published,National Currency,Millions,56.634255,60.605262,65.778597,78.25991,83.568774,96.100134,102.212382,124.735837532127,125.491102239871,135.31200037895
St. Kitts and Nevis,"Interest Rates, Government Securities, Treasury Bills",International Financial Statistics (IFS),Published,Percent per Annum,Units,7.16666666666667,7,7,7,7,7,6.85416666666667,6.75,6.75,6.75
St. Lucia,Monetary Base,International Financial Statistics (IFS),Published,National Currency,Millions,282.075013,337.823064,298.346532,337.158999,365.07118,384.710289,403.424206,442.487411252451,459.866232850353,525.646712191437
St. Lucia,Currency In Circulation,International Financial Statistics (IFS),Published,National Currency,Millions,132.32095,140.469959,161.719694,179.268972,187.131505,211.846913,198.138111,212.166374252451,237.640834280353,246.656741091437
St. Lucia,"Interest Rates, Government Securities, Treasury Bills",International Financial Statistics (IFS),Published,Percent per Annum,Units,5.435546875,5.5,4.6375,5.16666666666667,5.65,5.6,5.2,4.5,4.45,5.10416666666667
St. Vincent and the Grenadines,Monetary Base,International Financial Statistics (IFS),Published,National Currency,Millions,160.057353,169.7342,172.994245,194.90783,231.423182,227.343626,184.608715,282.059276197378,241.595866690526,275.554723657682
St. Vincent and the Grenadines,Currency In Circulation,International Financial Statistics (IFS),Published,National Currency,Millions,84.682697,88.646599,103.980611,101.399421,121.349839,115.487387,89.655601,74.9018121973784,74.8221097405256,80.5305601576825
St. Vincent and the Grenadines,"Interest Rates, Government Securities, Treasury Bills",International Financial Statistics (IFS),Published,Percent per Annum,Units,5.73,4.60458333333333,4.84666666666667,5.615,5.745,5.5625,5.66916666666667,4.92216666666667,4.16316666666667,3.9635
Sudan,Monetary Base,International Financial Statistics (IFS),Published,National Currency,Millions,3605.9065,4621.7317,6409.9516,7818.5579,8848.93739,10845.46853,13909.36873,16570.20732,21067.48011,30445.35154
Sudan,Currency In Circulation,International Financial Statistics (IFS),Published,National Currency,Millions,2520.525,3196.876,3982.4182,5670.7774,6221.78598,7339.1467,8832.35321,10897.23893,13660.17516,17869.90515
Suriname,Monetary Base,International Financial Statistics (IFS),Published,National Currency,Thousands,449962.39865349,528537.01862,570104.27443,759818.49938,992618.78068,1110765.25,1461323.16824,1662951.15713,1795054.02546,2416978.94732
Suriname,Currency In Circulation,International Financial Statistics (IFS),Published,National Currency,Thousands,237657.51035927,285631.78045,321960.25194,388838.43741,472413.06627,566815.68,669702.6347,789355.82252,815921.26455,976732.61
Swaziland,Monetary Base,International Financial Statistics (IFS),Published,National Currency,Millions,522.131,482.385304,496.51811413,566.51186645,758.50269122,943.53915181,1305.0524,1171.31898966,1781.20251009,1794.27372351
Swaziland,Currency In Circulation,International Financial Statistics (IFS),Published,National Currency,Millions,285.653,301.661067,341.20954563,378.50929747,407.939307,416.18753286,507.6557,563.52157779,540.89833091,642.78145689
Swaziland,"Interest Rates, Government Securities, Treasury Bills",International Financial Statistics (IFS),Published,Percent per Annum,Units,10.6133333333333,7.94083333333333,7.075,7.54416666666667,9.03166666666667,10.7733333333333,7.9325,6.60083333333333,6.0725,6.87416666666667
Sweden,Monetary Base,International Financial Statistics (IFS),Published,National Currency,Billions,109.434,109.507,111.325,112.501,114.467,319.072,281.826,110.543,117.011,122.594
Sweden,Currency In Circulation,International Financial Statistics (IFS),Published,National Currency,Billions,108.94,108.894,111.075,112.38,114.324,112.273,110.663,105.401,100.136,96.441
Sweden,"Interest Rates, Government Securities, Treasury Bills",International Financial Statistics (IFS),Published,Percent per Annum,Units,3.03283333333333,2.10916666666667,1.71666666666667,2.33166666666667,3.5525,3.905,0.399166666666667,0.504166666666667,1.65416666666667,1.25333333333333
Switzerland,"Interest Rates, Government Securities, Treasury Bills",International Financial Statistics (IFS),Published,Percent per Annum,Units,0.159,0.366666666666667,0.7125,1.36166666666667,2.1625,1.33375,0,0.0266666666666667,-0.143333333333333,-0.309166666666667
Syrian Arab Republic,Monetary Base,International Financial Statistics (IFS),Published,National Currency,Millions,377685,472825.928,509241,558545.27,648705.698172233,763771.14339776,870315.105081086,931045.300494155,,
Syrian Arab Republic,Currency In Circulation,International Financial Statistics (IFS),Published,National Currency,Millions,294367,344330.183,407373,411394.39,441376.730805,492718.770977,520316.41841315,577059.780109,,
Tajikistan,Monetary Base,International Financial Statistics (IFS),Published,National Currency,Millions,304.274359,508.88242,817.602625,1017.437878,1437.859618,1862.00431685,2589.70367125,2992.93759286,3828.90019638,4534.25384368
Tajikistan,Currency In Circulation,International Financial Statistics (IFS),Published,National Currency,Millions,243.291493,426.82908,711.497014,880.132634,1115.536605,1565.925258,2041.265343,2421.353901,2988.267362,3667.249937
Tajikistan,"Interest Rates, Government Securities, Treasury Bills",International Financial Statistics (IFS),Published,Percent per Annum,Units,,,,,,,7,6.72083333333333,7.39875,4.955
Tanzania,Monetary Base,International Financial Statistics (IFS),Published,National Currency,Billions,825.79184420532,999.9856664261,1284.68541465613,1504.12446403749,1879.04764149248,2276.4370874842,3009.06230497313,3497.84976386687,4111.91706001846,4525.589692729
Tanzania,Currency In Circulation,International Financial Statistics (IFS),Published,National Currency,Billions,619.03823105122,759.99495832398,981.4200927556,1162.87707240697,1354.60383456708,1710.16062217299,1896.84325177791,2298.6350108504,2694.16950221275,2909.99777356096
Tanzania,"Interest Rates, Government Securities, Treasury Bills",International Financial Statistics (IFS),Published,Percent per Annum,Units,6.25583333333333,8.345375,10.6670833333333,11.638875,13.38275,8.11333333333333,7.14375,3.86610833333333,6.37110833333333,12.7082875
Thailand,Monetary Base,International Financial Statistics (IFS),Published,National Currency,Billions,691.07480284629,776.71703763596,816.01238489993,833.99703132815,899.2421771343,1002.17131783453,1063.96246084116,1201.17030881884,1319.51590604381,1447.82696509543
Thailand,Currency In Circulation,International Financial Statistics (IFS),Published,National Currency,Billions,636.50591196006,714.64893291494,753.25165215436,773.84224520827,842.62389039188,923.96701011935,1005.88409677016,1114.51751605949,1248.56945889977,1350.93187046583
Thailand,"Interest Rates, Government Securities, Treasury Bills",International Financial Statistics (IFS),Published,Percent per Annum,Units,1.35420365284604,1.30345984186205,2.67253394861689,4.6558851589898,3.47881804120868,3.18882786464267,1.24,1.44166666666667,2.87333333333333,2.965
"Timor-Leste, Dem. Rep. of",Monetary Base,International Financial Statistics (IFS),Published,US Dollars,Millions,6.92625144,6.571999,6.311795,8.20597335,20.27112561,25.52733445,56.25251424,54.7605,34.48721573,99.89223067
"Timor-Leste, Dem. Rep. of",Currency In Circulation,International Financial Statistics (IFS),Published,US Dollars,Millions,0.60309365,1.104499,1.789993,1.81078939,2.27269652,2.45365118,2.80110428,3.3738,3.86342169,4.76884847
Tonga,Monetary Base,International Financial Statistics (IFS),Published,National Currency,Thousands,46046.708,73509.208,62578.574,70370.383,81234.468,79868.52,102431.14,118175.535,157134.448,191070.657275
Tonga,Currency In Circulation,International Financial Statistics (IFS),Published,National Currency,Thousands,21701.869,24915.543,25659.38,27860.21,32306.873,31660.874,33956.738,35759.682,39736.451,44899.08132
Trinidad and Tobago,Monetary Base,International Financial Statistics (IFS),Published,National Currency,Millions,6156.37074069,5959.47717779,8610.07913829,9956.87833151,11177.64102018,15897.97701645,21996.92046705,24870.61845657,28795.90323619,33735.40636255
Trinidad and Tobago,Currency In Circulation,International Financial Statistics (IFS),Published,National Currency,Millions,2294.699,2554.236,2991.44653675,3560.42197107,4205.38082368,4486.32678109,4856.18634368,5300.60610549,5938.74400493,6648.31105535
Trinidad and Tobago,"Interest Rates, Government Securities, Treasury Bills",International Financial Statistics (IFS),Published,Percent per Annum,Units,4.71166666666667,4.77166666666667,4.86416666666667,6.07,6.91333333333333,7.01166666666667,2.68833333333333,0.845833333333333,0.53,0.365
Turkey,Monetary Base,International Financial Statistics (IFS),Published,National Currency,Millions,25651.158648,33848.92980095,47628.06654779,61114.41215201,66626.36263,85138.28,85928.74793769,105261.78783804,146442.991309,190104.4687
Turkey,Currency In Circulation,International Financial Statistics (IFS),Published,National Currency,Millions,10675.5276,13465.237,19612.0188,26815.1506,27429.3889,31743.43,38340.2781,48937.5599,55103.1736,60525.4821
Turkey,"Interest Rates, Government Securities, Treasury Bills",International Financial Statistics (IFS),Published,Percent per Annum,Units,34.8983333333333,22.0758333333333,15.4858333333333,18.365,17.645,,,,,
Uganda,Monetary Base,International Financial Statistics (IFS),Published,National Currency,Billions,767.052179493,924.571085441,1051.212874311,1226.598927999,1543.533839495,1926.960890525,2181.520200386,2878.521807869,3301.30517516,3976.335476725
Uganda,Currency In Circulation,International Financial Statistics (IFS),Published,National Currency,Billions,623.770635406,696.508740758,832.73502179,1026.340281185,1199.97641206,1487.710321437,1595.249361945,2103.786046337,2487.282601297,2683.767933816
Uganda,"Interest Rates, Government Securities, Treasury Bills",International Financial Statistics (IFS),Published,Percent per Annum,Units,16.8659472822816,9.01795668435572,8.50275524736715,8.11891374720402,9.04906629441131,9.07519503849373,7.10467666307702,5.01365106608655,14.6086115773816,15.6991158141965
Ukraine,Monetary Base,International Financial Statistics (IFS),Published,National Currency,Millions,40089.39661416,53763.17489711,82759.69061417,97214.16008585,141901.07405333,186670.88647638,194965.2738745,225691.78863857,239884.84283916,255283.3805496
Ukraine,Currency In Circulation,International Financial Statistics (IFS),Published,National Currency,Millions,36048.13969374,45669.10125705,65409.13477644,82133.32517223,122470.43654213,167537.98891802,170535.84264068,200092.48778425,209565.08308653,222785.68408226
United Kingdom,"Interest Rates, Government Securities, Treasury Bills",International Financial Statistics (IFS),Published,Percent per Annum,Units,3.55485,4.42973333333333,4.55113333333333,4.64814166666667,5.524275,4.30448333333333,0.5265,0.496325,0.485858333333333,0.312816666666667
United States,Monetary Base,International Financial Statistics (IFS),Published,US Dollars,Billions,713.532,744.764,779.545,802.676,814.288,1683.205,1941.723,1969.966,2674.653,2679.994
United States,Currency In Circulation,International Financial Statistics (IFS),Published,US Dollars,Billions,689.757,719.436,758.358,783.019,791.691,849.716,889.678,943.749,1034.52,1124.578
United States,"Interest Rates, Government Securities, Treasury Bills",International Financial Statistics (IFS),Published,Percent per Annum,Units,1.01333333333333,1.37333333333333,3.15166666666667,4.72166666666667,4.41,1.46,0.16,0.134166666666666,0.0574999999999999,0.0874999999999999
Uruguay,Monetary Base,International Financial Statistics (IFS),Published,National Currency,Millions,14307.97445185,15827.32249474,24589.92065646,27111.7145693,31548.18104683,40788.25293108,43425.72374314,50481.62614906,59219.0213767868,75033.8218226973
Uruguay,Currency In Circulation,International Financial Statistics (IFS),Published,National Currency,Millions,12244.31280559,14170.28854373,17285.03427388,22064.65242176,24617.29820305,28262.63110892,31980.09000515,38163.89662393,45188.736725,52876.503252
Uruguay,"Interest Rates, Government Securities, Treasury Bills",International Financial Statistics (IFS),Published,Percent per Annum,Units,32.5288333333333,14.75025,4.1355,4.53791666666667,7.10558333333333,10.04725,11.8675833333333,9.05858333333333,8.77441666666667,9.40075
Vanuatu,Monetary Base,International Financial Statistics (IFS),Published,National Currency,Millions,4825.305,5292.084,5933.656,7918.565,8805.837,9277.429,9420.87163,11156.674655,11880.800615,12992.102068
Vanuatu,Currency In Circulation,International Financial Statistics (IFS),Published,National Currency,Millions,2555.888,2964.165,3374.576,3898.192,4688.158,5004.102,5281.733649,5873.221293,6572.077505,6962.460436
"Venezuela, Republica Bolivariana de",Monetary Base,International Financial Statistics (IFS),Published,National Currency,Millions,12964.922,17091.552,23344.328,44317.534164818,65608.7364070584,83885.69619508,104407.65435333,128448.225969,192748.56396598,275578.22396866
"Venezuela, Republica Bolivariana de",Currency In Circulation,International Financial Statistics (IFS),Published,National Currency,Millions,5744.732,7952.622,10776.693,15489.977848586,20568.791604233,28317.6334641,36411.76634128,46470.2307277,58675.65312087,92903.66583831
Vietnam,"Interest Rates, Government Securities, Treasury Bills",International Financial Statistics (IFS),Published,Percent per Annum,Units,5.82666666666667,5.6916675,6.12666666666667,4.72845238095238,4.15305666666667,12.129583,8.03833333333333,11.145,12.35,8.81625
West Bank and Gaza,Monetary Base,International Financial Statistics (IFS),Published,US Dollars,Millions,479.01,530.04,539.55,492.59863391,685.17436161,1089.5723,1188.5703668,1055.12215905,919.08907296,994.43893287
West Bank and Gaza,Currency In Circulation,International Financial Statistics (IFS),Published,US Dollars,Millions,0,0,0,0,0,0,0,0,0,0
"Yemen, Republic of","Interest Rates, Government Securities, Treasury Bills",International Financial Statistics (IFS),Published,Percent per Annum,Units,12.9191666666667,13.835,14.8941666666667,15.6466666666667,15.8575,15.2016666666667,13.4725,20.9191666666667,22.8741666666667,22.17
Zambia,Monetary Base,International Financial Statistics (IFS),Published,National Currency,Millions,1446.24983978579,1913.44412733668,2280.75688765763,3249.1304811823,3554.92911596285,4605.64246531,4714.89625478599,7147.96491183321,5531.6767,8377.77182234582
Zambia,Currency In Circulation,International Financial Statistics (IFS),Published,National Currency,Millions,670.43562962861,815.49555529689,961.95408049635,1224.16794781688,1513.40434826457,1931.85935849,1999.08023964318,2747.92028819626,3405.6701,3839.63143434558
Zambia,"Interest Rates, Government Securities, Treasury Bills",International Financial Statistics (IFS),Published,Percent per Annum,Units,29.9748006944445,12.6035712962963,16.3161701388889,10.3677522916667,11.951109375,13.4674478819444,15.3943661458333,6.27859895833333,9.55310822916667,10.1273915625
Zimbabwe,"Interest Rates, Government Securities, Treasury Bills",International Financial Statistics (IFS),Published,Percent per Annum,Units,52.7245833333333,125.676666666667,185.1075,322.355991666667,248.766666666667,,,,,
Eastern Caribbean Currency Union,Monetary Base,International Financial Statistics (IFS),Published,National Currency,Millions,1441.947344,1640.59538663,1550.65972338,1743.640798,1900.276417,1847.500615,1909.779129,2172.85426872,2459.871751,2622.388639
Eastern Caribbean Currency Union,Currency In Circulation,International Financial Statistics (IFS),Published,National Currency,Millions,608.199535,662.89504407,732.82827764,783.314431,842.09005,878.283115,835.549461,833.87745382,875.978652,895.496127